Player,Minutes,Games,Wins,Losses,Red Games,Blue Games,Red Win %,Blue Win %,Captures,Grabs,Hold,Drops,Pops,Returns,Tags,Prevent,Pups,Pups Available,Block,Button,Support,Hold Against,Long Holds,Flaccids,Handoffs,Good Handoffs,Captures off Handoffs,Quick Returns,Key Returns,Returns in Base,NDPops,NRTags,KF,CD,CD/Min,Caps/Min,Grabs/Min,Hold/Min,Drops/Min,Pops/Min,Returns/Min,Tags/Min,Prevent/Min,Pups/Min,Win %,Pup %,Score %,Flaccid %,Chain %,QR %,RIB %,K/D,Hold/Grab,Prevent/Return,Prevent/Hold Against,Captures/8Min,Grabs/8Min,Hold/8Min,Drops/8Min,Pops/8Min,Returns/8Min,Tags/8Min,Prevent/8Min,Pups/8Min,Pups Available/8Min,Block/8Min,Button/8Min,Support/8Min,Hold Against/8Min,Long Holds/8Min,Flaccids/8Min,Handoffs/8Min,Good Handoffs/8Min,Captures off Handoffs/8Min,Quick Returns/8Min,Key Returns/8Min,Returns in Base/8Min,NDPops/8Min,NRTags/8Min,KF/8Min,CD/8Min
Red,646.9,88,52,36,88,0,0.5909090909090909,0.0,76.0,738.0,5623.0,654.0,919.0,659.0,848.0,4739.0,156.0,1148.0,5957.0,691.0,2465.0,21800.0,57.0,204.0,61.0,24.0,8.0,208.0,24.0,214.0,265.0,189.0,8.0,72.0,0.11130004637501932,0.11748338228474263,1.1408254753439482,8.692224455093523,1.0109754212397588,1.4206214252589273,1.018704591126913,1.3108672128613388,7.325707219044675,0.24115010047920854,0.5909090909090909,0.13588850174216027,0.10298102981029811,0.2764227642276423,0.39344262295081966,0.3156297420333839,0.32473444613050073,0.9227421109902068,7.619241192411924,7.191198786039454,0.21738532110091743,0.939867058277941,9.126603802751585,69.53779564074819,8.08780336991807,11.364971402071419,8.149636729015304,10.48693770289071,58.6056577523574,1.9292008038336683,14.196939248724687,73.66826402844335,8.545370227237594,30.483846034935848,269.5934456639357,0.7049002937084557,2.5228010511671046,0.7543669809862421,0.2968001236667182,0.09893337455557273,2.572267738444891,0.2968001236667182,2.646467769361571,3.2771680321533467,2.337300973875406,0.09893337455557273,0.8904003710001546
Blue,646.0000000000001,88,36,52,0,88,0.0,0.4090909090909091,58.0,736.0,5450.0,670.0,932.0,642.0,833.0,3968.0,131.0,1148.0,6182.0,720.0,2562.0,22492.0,57.0,213.0,79.0,30.0,8.0,201.0,22.0,230.0,262.0,191.0,8.0,-69.0,-0.1068111455108359,0.08978328173374611,1.1393188854489162,8.436532507739937,1.0371517027863775,1.4427244582043341,0.9938080495356035,1.289473684210526,6.1424148606811135,0.20278637770897828,0.4090909090909091,0.11411149825783973,0.07880434782608696,0.28940217391304346,0.379746835443038,0.3130841121495327,0.3582554517133956,0.8937768240343348,7.404891304347826,6.1806853582554515,0.1764182820558421,0.7182662538699689,9.11455108359133,67.4922600619195,8.29721362229102,11.541795665634673,7.950464396284828,10.315789473684209,49.13931888544891,1.6222910216718263,14.216718266253867,76.55727554179565,8.916408668730648,31.727554179566557,278.53869969040244,0.7058823529411763,2.6377708978328167,0.9783281733746129,0.37151702786377705,0.09907120743034054,2.489164086687306,0.27244582043343646,2.8482972136222906,3.2445820433436525,2.3653250773993806,0.09907120743034054,-0.8544891640866872
bubblez,48.4,6,2,4,3,3,0.3333333333333333,0.3333333333333333,7.0,65.0,591.0,58.0,71.0,34.0,48.0,339.0,12.0,86.0,424.0,22.0,170.0,1642.0,8.0,18.0,8.0,3.0,0.0,13.0,0.0,10.0,13.0,14.0,0.0,-7.0,-0.14462809917355374,0.14462809917355374,1.3429752066115703,12.210743801652892,1.1983471074380165,1.4669421487603307,0.7024793388429752,0.9917355371900827,7.0041322314049586,0.24793388429752067,0.3333333333333333,0.13953488372093023,0.1076923076923077,0.27692307692307694,0.375,0.38235294117647056,0.29411764705882354,0.676056338028169,9.092307692307692,9.970588235294118,0.20645554202192448,1.15702479338843,10.743801652892563,97.68595041322314,9.586776859504132,11.735537190082646,5.619834710743802,7.933884297520661,56.03305785123967,1.9834710743801653,14.214876033057852,70.08264462809917,3.6363636363636367,28.09917355371901,271.40495867768595,1.322314049586777,2.9752066115702482,1.322314049586777,0.49586776859504134,0.0,2.1487603305785123,0.0,1.6528925619834711,2.1487603305785123,2.31404958677686,0.0,-1.15702479338843
Toidi,32.0,4,0,4,1,3,0.0,0.0,1.0,23.0,138.0,21.0,33.0,51.0,62.0,246.0,7.0,56.0,201.0,25.0,83.0,1128.0,1.0,9.0,3.0,0.0,0.0,20.0,5.0,24.0,12.0,11.0,1.0,-7.0,-0.21875,0.03125,0.71875,4.3125,0.65625,1.03125,1.59375,1.9375,7.6875,0.21875,0.0,0.125,0.043478260869565216,0.391304347826087,0.0,0.39215686274509803,0.47058823529411764,1.878787878787879,6.0,4.823529411764706,0.21808510638297873,0.25,5.75,34.5,5.25,8.25,12.75,15.5,61.5,1.75,14.0,50.25,6.25,20.75,282.0,0.25,2.25,0.75,0.0,0.0,5.0,1.25,6.0,3.0,2.75,0.25,-1.75
rc,29.8,4,2,2,1,3,0.0,0.6666666666666666,2.0,29.0,193.0,27.0,37.0,19.0,34.0,173.0,5.0,52.0,251.0,45.0,109.0,885.0,1.0,12.0,2.0,1.0,1.0,5.0,1.0,5.0,10.0,15.0,0.0,4.0,0.1342281879194631,0.06711409395973154,0.9731543624161073,6.476510067114094,0.9060402684563759,1.2416107382550334,0.6375838926174496,1.1409395973154361,5.805369127516778,0.16778523489932887,0.5,0.09615384615384616,0.06896551724137931,0.41379310344827586,0.5,0.2631578947368421,0.2631578947368421,0.918918918918919,6.655172413793103,9.105263157894736,0.19548022598870057,0.5369127516778524,7.7852348993288585,51.81208053691275,7.248322147651007,9.932885906040267,5.100671140939597,9.12751677852349,46.442953020134226,1.342281879194631,13.95973154362416,67.38255033557047,12.080536912751677,29.26174496644295,237.58389261744966,0.2684563758389262,3.221476510067114,0.5369127516778524,0.2684563758389262,0.2684563758389262,1.342281879194631,0.2684563758389262,1.342281879194631,2.684563758389262,4.026845637583892,0.0,1.0738255033557047
Porps,24.1,3,1,2,1,2,0.0,0.5,0.0,19.0,81.0,19.0,27.0,24.0,31.0,349.0,5.0,43.0,199.0,20.0,80.0,831.0,0.0,8.0,2.0,1.0,0.0,6.0,0.0,8.0,8.0,7.0,0.0,-3.0,-0.12448132780082986,0.0,0.7883817427385892,3.3609958506224062,0.7883817427385892,1.120331950207469,0.9958506224066389,1.2863070539419086,14.481327800829874,0.20746887966804978,0.3333333333333333,0.11627906976744186,0.0,0.42105263157894735,0.5,0.25,0.3333333333333333,1.1481481481481481,4.2631578947368425,14.541666666666666,0.41997593261131166,0.0,6.3070539419087135,26.88796680497925,6.3070539419087135,8.962655601659751,7.966804979253111,10.290456431535269,115.85062240663899,1.6597510373443982,14.273858921161825,66.05809128630705,6.639004149377593,26.55601659751037,275.850622406639,0.0,2.6556016597510372,0.6639004149377593,0.33195020746887965,0.0,1.9917012448132778,0.0,2.6556016597510372,2.6556016597510372,2.3236514522821574,0.0,-0.9958506224066389
BallSaget,22.200000000000003,3,1,2,3,0,0.3333333333333333,0.0,7.0,42.0,246.0,35.0,48.0,14.0,23.0,91.0,5.0,40.0,232.0,25.0,97.0,756.0,2.0,14.0,4.0,1.0,0.0,4.0,0.0,2.0,13.0,9.0,0.0,2.0,0.09009009009009007,0.31531531531531526,1.8918918918918917,11.081081081081079,1.5765765765765765,2.162162162162162,0.6306306306306305,1.036036036036036,4.0990990990990985,0.2252252252252252,0.3333333333333333,0.125,0.16666666666666666,0.3333333333333333,0.25,0.2857142857142857,0.14285714285714285,0.4791666666666667,5.857142857142857,6.5,0.12037037037037036,2.522522522522522,15.135135135135133,88.64864864864863,12.612612612612612,17.297297297297295,5.045045045045044,8.288288288288287,32.79279279279279,1.8018018018018016,14.414414414414413,83.60360360360359,9.009009009009008,34.95495495495495,272.4324324324324,0.7207207207207206,5.045045045045044,1.4414414414414412,0.3603603603603603,0.0,1.4414414414414412,0.0,0.7207207207207206,4.684684684684684,3.243243243243243,0.0,0.7207207207207206
xcv,21.5,3,0,3,1,2,0.0,0.0,1.0,21.0,185.0,20.0,26.0,25.0,27.0,221.0,6.0,38.0,113.0,15.0,47.0,596.0,3.0,4.0,1.0,0.0,1.0,8.0,0.0,7.0,6.0,2.0,0.0,-7.0,-0.32558139534883723,0.046511627906976744,0.9767441860465116,8.604651162790697,0.9302325581395349,1.2093023255813953,1.1627906976744187,1.255813953488372,10.279069767441861,0.27906976744186046,0.0,0.15789473684210525,0.047619047619047616,0.19047619047619047,0.0,0.32,0.28,1.0384615384615385,8.80952380952381,8.84,0.37080536912751677,0.37209302325581395,7.813953488372093,68.83720930232558,7.441860465116279,9.674418604651162,9.30232558139535,10.046511627906977,82.23255813953489,2.2325581395348837,14.13953488372093,42.04651162790697,5.5813953488372094,17.488372093023255,221.7674418604651,1.1162790697674418,1.4883720930232558,0.37209302325581395,0.0,0.37209302325581395,2.9767441860465116,0.0,2.604651162790698,2.2325581395348837,0.7441860465116279,0.0,-2.604651162790698
LogisticMap,21.4,3,1,2,1,2,1.0,0.0,1.0,28.0,128.0,25.0,32.0,20.0,23.0,110.0,5.0,38.0,232.0,0.0,90.0,660.0,0.0,11.0,4.0,2.0,0.0,7.0,0.0,8.0,7.0,3.0,2.0,-5.0,-0.23364485981308414,0.04672897196261683,1.3084112149532712,5.981308411214954,1.1682242990654206,1.4953271028037385,0.9345794392523366,1.074766355140187,5.140186915887851,0.23364485981308414,0.3333333333333333,0.13157894736842105,0.03571428571428571,0.39285714285714285,0.5,0.35,0.4,0.71875,4.571428571428571,5.5,0.16666666666666666,0.3738317757009346,10.46728971962617,47.85046728971963,9.345794392523365,11.962616822429908,7.476635514018692,8.598130841121495,41.12149532710281,1.869158878504673,14.205607476635516,86.72897196261682,0.0,33.64485981308412,246.72897196261684,0.0,4.112149532710281,1.4953271028037385,0.7476635514018692,0.0,2.6168224299065423,0.0,2.990654205607477,2.6168224299065423,1.1214953271028039,0.7476635514018692,-1.869158878504673
Taurus,21.4,3,1,2,2,1,0.5,0.0,1.0,21.0,142.0,18.0,25.0,20.0,31.0,262.0,8.0,38.0,174.0,17.0,71.0,647.0,2.0,7.0,2.0,1.0,0.0,9.0,1.0,9.0,7.0,11.0,2.0,-5.0,-0.23364485981308414,0.04672897196261683,0.9813084112149534,6.635514018691589,0.8411214953271029,1.1682242990654206,0.9345794392523366,1.4485981308411215,12.242990654205608,0.3738317757009346,0.3333333333333333,0.21052631578947367,0.047619047619047616,0.3333333333333333,0.5,0.45,0.45,1.24,6.761904761904762,13.1,0.40494590417310666,0.3738317757009346,7.850467289719627,53.084112149532714,6.728971962616823,9.345794392523365,7.476635514018692,11.588785046728972,97.94392523364486,2.990654205607477,14.205607476635516,65.04672897196262,6.355140186915889,26.542056074766357,241.8691588785047,0.7476635514018692,2.6168224299065423,0.7476635514018692,0.3738317757009346,0.0,3.3644859813084116,0.3738317757009346,3.3644859813084116,2.6168224299065423,4.112149532710281,0.7476635514018692,-1.869158878504673
Rascasse,18.0,3,1,2,2,1,0.5,0.0,0.0,9.0,33.0,9.0,22.0,20.0,28.0,131.0,4.0,32.0,86.0,37.0,41.0,742.0,0.0,4.0,0.0,0.0,0.0,3.0,0.0,5.0,13.0,8.0,0.0,-9.0,-0.5,0.0,0.5,1.8333333333333333,0.5,1.2222222222222223,1.1111111111111112,1.5555555555555556,7.277777777777778,0.2222222222222222,0.3333333333333333,0.125,0.0,0.4444444444444444,0.0,0.15,0.25,1.2727272727272727,3.6666666666666665,6.55,0.1765498652291105,0.0,4.0,14.666666666666666,4.0,9.777777777777779,8.88888888888889,12.444444444444445,58.22222222222222,1.7777777777777777,14.222222222222221,38.22222222222222,16.444444444444443,18.22222222222222,329.77777777777777,0.0,1.7777777777777777,0.0,0.0,0.0,1.3333333333333333,0.0,2.2222222222222223,5.777777777777778,3.5555555555555554,0.0,-4.0
laserpig,17.1,2,0,2,0,2,0.0,0.0,0.0,19.0,119.0,19.0,28.0,10.0,17.0,90.0,5.0,30.0,165.0,5.0,65.0,672.0,1.0,7.0,0.0,0.0,0.0,2.0,0.0,2.0,9.0,7.0,0.0,-5.0,-0.29239766081871343,0.0,1.111111111111111,6.95906432748538,1.111111111111111,1.6374269005847952,0.5847953216374269,0.9941520467836257,5.263157894736842,0.29239766081871343,0.0,0.16666666666666666,0.0,0.3684210526315789,0.0,0.2,0.2,0.6071428571428571,6.2631578947368425,9.0,0.13392857142857142,0.0,8.888888888888888,55.67251461988304,8.888888888888888,13.099415204678362,4.678362573099415,7.953216374269005,42.10526315789473,2.3391812865497075,14.035087719298245,77.19298245614034,2.3391812865497075,30.409356725146196,314.38596491228066,0.4678362573099415,3.2748538011695905,0.0,0.0,0.0,0.935672514619883,0.0,0.935672514619883,4.2105263157894735,3.2748538011695905,0.0,-2.3391812865497075
SilentOne,17.0,2,1,1,1,1,1.0,0.0,2.0,20.0,206.0,18.0,25.0,23.0,31.0,60.0,4.0,30.0,137.0,15.0,57.0,618.0,4.0,4.0,1.0,0.0,0.0,2.0,1.0,5.0,7.0,8.0,0.0,-1.0,-0.058823529411764705,0.11764705882352941,1.1764705882352942,12.117647058823529,1.0588235294117647,1.4705882352941178,1.3529411764705883,1.8235294117647058,3.5294117647058822,0.23529411764705882,0.5,0.13333333333333333,0.1,0.2,0.0,0.08695652173913043,0.21739130434782608,1.24,10.3,2.608695652173913,0.0970873786407767,0.9411764705882353,9.411764705882353,96.94117647058823,8.470588235294118,11.764705882352942,10.823529411764707,14.588235294117647,28.235294117647058,1.8823529411764706,14.117647058823529,64.47058823529412,7.0588235294117645,26.823529411764707,290.8235294117647,1.8823529411764706,1.8823529411764706,0.47058823529411764,0.0,0.0,0.9411764705882353,0.47058823529411764,2.3529411764705883,3.2941176470588234,3.764705882352941,0.0,-0.47058823529411764
MDK,16.9,2,2,0,2,0,1.0,0.0,3.0,22.0,290.0,19.0,22.0,12.0,18.0,52.0,6.0,30.0,203.0,30.0,86.0,731.0,6.0,4.0,1.0,0.0,1.0,2.0,1.0,1.0,3.0,6.0,0.0,3.0,0.1775147928994083,0.1775147928994083,1.3017751479289943,17.159763313609467,1.124260355029586,1.3017751479289943,0.7100591715976332,1.0650887573964498,3.076923076923077,0.3550295857988166,1.0,0.2,0.13636363636363635,0.18181818181818182,0.0,0.16666666666666666,0.08333333333333333,0.8181818181818182,13.181818181818182,4.333333333333333,0.07113543091655267,1.4201183431952664,10.414201183431954,137.27810650887574,8.994082840236688,10.414201183431954,5.680473372781066,8.520710059171599,24.615384615384617,2.840236686390533,14.201183431952664,96.09467455621302,14.201183431952664,40.710059171597635,346.0355029585799,2.840236686390533,1.8934911242603552,0.4733727810650888,0.0,0.4733727810650888,0.9467455621301776,0.4733727810650888,0.4733727810650888,1.4201183431952664,2.840236686390533,0.0,1.4201183431952664
aardvark,16.8,2,0,2,1,1,0.0,0.0,1.0,15.0,52.0,14.0,18.0,26.0,28.0,130.0,5.0,30.0,157.0,28.0,65.0,548.0,0.0,10.0,3.0,2.0,0.0,6.0,2.0,7.0,4.0,2.0,0.0,-3.0,-0.17857142857142858,0.05952380952380952,0.8928571428571428,3.095238095238095,0.8333333333333333,1.0714285714285714,1.5476190476190474,1.6666666666666665,7.738095238095238,0.2976190476190476,0.0,0.16666666666666666,0.06666666666666667,0.6666666666666666,0.6666666666666666,0.23076923076923078,0.2692307692307692,1.5555555555555556,3.466666666666667,5.0,0.23722627737226276,0.47619047619047616,7.142857142857142,24.76190476190476,6.666666666666666,8.571428571428571,12.38095238095238,13.333333333333332,61.904761904761905,2.380952380952381,14.285714285714285,74.76190476190476,13.333333333333332,30.952380952380953,260.95238095238096,0.0,4.761904761904762,1.4285714285714286,0.9523809523809523,0.0,2.857142857142857,0.9523809523809523,3.333333333333333,1.9047619047619047,0.9523809523809523,0.0,-1.4285714285714286
Pnaoxt,16.8,2,2,0,1,1,1.0,1.0,2.0,27.0,181.0,25.0,28.0,11.0,17.0,27.0,5.0,30.0,217.0,15.0,89.0,554.0,2.0,6.0,2.0,2.0,1.0,3.0,1.0,3.0,3.0,6.0,0.0,3.0,0.17857142857142858,0.11904761904761904,1.607142857142857,10.773809523809524,1.4880952380952381,1.6666666666666665,0.6547619047619048,1.0119047619047619,1.607142857142857,0.2976190476190476,1.0,0.16666666666666666,0.07407407407407407,0.2222222222222222,1.0,0.2727272727272727,0.2727272727272727,0.6071428571428571,6.703703703703703,2.4545454545454546,0.048736462093862815,0.9523809523809523,12.857142857142856,86.19047619047619,11.904761904761905,13.333333333333332,5.238095238095238,8.095238095238095,12.857142857142856,2.380952380952381,14.285714285714285,103.33333333333333,7.142857142857142,42.38095238095238,263.8095238095238,0.9523809523809523,2.857142857142857,0.9523809523809523,0.9523809523809523,0.47619047619047616,1.4285714285714286,0.47619047619047616,1.4285714285714286,1.4285714285714286,2.857142857142857,0.0,1.4285714285714286
oldAlt,16.1,2,2,0,1,1,1.0,1.0,4.0,23.0,147.0,19.0,24.0,23.0,28.0,73.0,3.0,28.0,149.0,8.0,59.0,505.0,2.0,10.0,4.0,2.0,0.0,6.0,1.0,8.0,5.0,5.0,0.0,5.0,0.3105590062111801,0.24844720496894407,1.4285714285714284,9.130434782608695,1.1801242236024843,1.4906832298136645,1.4285714285714284,1.7391304347826086,4.534161490683229,0.18633540372670807,1.0,0.10714285714285714,0.17391304347826086,0.43478260869565216,0.5,0.2608695652173913,0.34782608695652173,1.1666666666666667,6.391304347826087,3.1739130434782608,0.14455445544554454,1.9875776397515525,11.428571428571427,73.04347826086956,9.440993788819874,11.925465838509316,11.428571428571427,13.91304347826087,36.273291925465834,1.4906832298136645,13.91304347826087,74.03726708074534,3.975155279503105,29.3167701863354,250.9316770186335,0.9937888198757763,4.968944099378882,1.9875776397515525,0.9937888198757763,0.0,2.981366459627329,0.49689440993788814,3.975155279503105,2.484472049689441,2.484472049689441,0.0,2.484472049689441
Robiny,16.1,2,0,2,1,1,0.0,0.0,0.0,17.0,139.0,17.0,26.0,10.0,12.0,54.0,4.0,28.0,201.0,0.0,80.0,534.0,2.0,6.0,0.0,0.0,0.0,1.0,0.0,1.0,9.0,2.0,0.0,-3.0,-0.18633540372670807,0.0,1.0559006211180124,8.633540372670806,1.0559006211180124,1.6149068322981366,0.6211180124223602,0.7453416149068323,3.354037267080745,0.24844720496894407,0.0,0.14285714285714285,0.0,0.35294117647058826,0.0,0.1,0.1,0.46153846153846156,8.176470588235293,5.4,0.10112359550561797,0.0,8.4472049689441,69.06832298136645,8.4472049689441,12.919254658385093,4.968944099378882,5.962732919254658,26.83229813664596,1.9875776397515525,13.91304347826087,99.87577639751552,0.0,39.75155279503105,265.34161490683226,0.9937888198757763,2.981366459627329,0.0,0.0,0.0,0.49689440993788814,0.0,0.49689440993788814,4.472049689440993,0.9937888198757763,0.0,-1.4906832298136645
THESLIGHTEST,16.0,2,1,1,1,1,1.0,0.0,1.0,13.0,104.0,12.0,15.0,20.0,26.0,173.0,6.0,28.0,147.0,10.0,60.0,493.0,1.0,3.0,2.0,0.0,0.0,6.0,1.0,6.0,3.0,6.0,0.0,-2.0,-0.125,0.0625,0.8125,6.5,0.75,0.9375,1.25,1.625,10.8125,0.375,0.5,0.21428571428571427,0.07692307692307693,0.23076923076923078,0.0,0.3,0.3,1.7333333333333334,8.0,8.65,0.3509127789046653,0.5,6.5,52.0,6.0,7.5,10.0,13.0,86.5,3.0,14.0,73.5,5.0,30.0,246.5,0.5,1.5,1.0,0.0,0.0,3.0,0.5,3.0,1.5,3.0,0.0,-1.0
Pickle Ball,16.0,2,1,1,1,1,0.0,1.0,1.0,12.0,99.0,11.0,17.0,15.0,20.0,172.0,4.0,28.0,118.0,15.0,49.0,548.0,1.0,5.0,1.0,1.0,1.0,3.0,1.0,5.0,6.0,5.0,0.0,0.0,0.0,0.0625,0.75,6.1875,0.6875,1.0625,0.9375,1.25,10.75,0.25,0.5,0.14285714285714285,0.08333333333333333,0.4166666666666667,1.0,0.2,0.3333333333333333,1.1764705882352942,8.25,11.466666666666667,0.31386861313868614,0.5,6.0,49.5,5.5,8.5,7.5,10.0,86.0,2.0,14.0,59.0,7.5,24.5,274.0,0.5,2.5,0.5,0.5,0.5,1.5,0.5,2.5,3.0,2.5,0.0,0.0
rai,16.0,2,2,0,2,0,1.0,0.0,2.0,11.0,86.0,9.0,19.0,21.0,25.0,165.0,3.0,28.0,105.0,18.0,43.0,436.0,2.0,3.0,2.0,0.0,0.0,9.0,0.0,10.0,10.0,4.0,0.0,5.0,0.3125,0.125,0.6875,5.375,0.5625,1.1875,1.3125,1.5625,10.3125,0.1875,1.0,0.10714285714285714,0.18181818181818182,0.2727272727272727,0.0,0.42857142857142855,0.47619047619047616,1.3157894736842106,7.818181818181818,7.857142857142857,0.37844036697247707,1.0,5.5,43.0,4.5,9.5,10.5,12.5,82.5,1.5,14.0,52.5,9.0,21.5,218.0,1.0,1.5,1.0,0.0,0.0,4.5,0.0,5.0,5.0,2.0,0.0,2.5
lmfao,16.0,2,2,0,1,1,1.0,1.0,1.0,8.0,57.0,6.0,13.0,11.0,21.0,181.0,2.0,28.0,104.0,20.0,44.0,448.0,1.0,2.0,1.0,0.0,0.0,3.0,0.0,3.0,7.0,10.0,1.0,3.0,0.1875,0.0625,0.5,3.5625,0.375,0.8125,0.6875,1.3125,11.3125,0.125,1.0,0.07142857142857142,0.125,0.25,0.0,0.2727272727272727,0.2727272727272727,1.6153846153846154,7.125,16.454545454545453,0.40401785714285715,0.5,4.0,28.5,3.0,6.5,5.5,10.5,90.5,1.0,14.0,52.0,10.0,22.0,224.0,0.5,1.0,0.5,0.0,0.0,1.5,0.0,1.5,3.5,5.0,0.5,1.5
Prime,15.9,2,2,0,1,1,1.0,1.0,5.0,27.0,161.0,22.0,32.0,14.0,21.0,63.0,2.0,30.0,226.0,15.0,93.0,500.0,1.0,8.0,3.0,2.0,2.0,5.0,1.0,6.0,10.0,7.0,0.0,6.0,0.3773584905660377,0.31446540880503143,1.6981132075471699,10.125786163522012,1.3836477987421383,2.0125786163522013,0.8805031446540881,1.320754716981132,3.9622641509433962,0.12578616352201258,1.0,0.06666666666666667,0.18518518518518517,0.2962962962962963,0.6666666666666666,0.35714285714285715,0.42857142857142855,0.65625,5.962962962962963,4.5,0.126,2.5157232704402515,13.584905660377359,81.0062893081761,11.069182389937106,16.10062893081761,7.044025157232705,10.566037735849056,31.69811320754717,1.0062893081761006,15.09433962264151,113.71069182389937,7.547169811320755,46.79245283018868,251.57232704402514,0.5031446540880503,4.0251572327044025,1.5094339622641508,1.0062893081761006,1.0062893081761006,2.5157232704402515,0.5031446540880503,3.0188679245283017,5.031446540880503,3.5220125786163523,0.0,3.0188679245283017
tnevlos,15.3,2,1,1,1,1,0.0,1.0,1.0,14.0,170.0,13.0,20.0,17.0,25.0,125.0,3.0,28.0,138.0,15.0,57.0,560.0,2.0,5.0,2.0,1.0,0.0,8.0,0.0,7.0,7.0,8.0,0.0,2.0,0.13071895424836602,0.06535947712418301,0.9150326797385621,11.11111111111111,0.8496732026143791,1.3071895424836601,1.1111111111111112,1.6339869281045751,8.169934640522875,0.19607843137254902,0.5,0.10714285714285714,0.07142857142857142,0.35714285714285715,0.5,0.47058823529411764,0.4117647058823529,1.25,12.142857142857142,7.352941176470588,0.22321428571428573,0.5228758169934641,7.3202614379084965,88.88888888888889,6.7973856209150325,10.457516339869281,8.88888888888889,13.071895424836601,65.359477124183,1.5686274509803921,14.640522875816993,72.15686274509804,7.8431372549019605,29.803921568627448,292.81045751633985,1.0457516339869282,2.6143790849673203,1.0457516339869282,0.5228758169934641,0.0,4.183006535947713,0.0,3.6601307189542482,3.6601307189542482,4.183006535947713,0.0,1.0457516339869282
PASSTHEFLAG,15.299999999999999,2,1,1,2,0,0.5,0.0,1.0,13.0,86.0,12.0,19.0,18.0,28.0,82.0,9.0,29.0,136.0,23.0,56.0,488.0,0.0,3.0,0.0,0.0,0.0,9.0,1.0,8.0,7.0,10.0,0.0,4.0,0.26143790849673204,0.06535947712418301,0.8496732026143792,5.620915032679739,0.7843137254901962,1.2418300653594772,1.1764705882352942,1.8300653594771243,5.359477124183007,0.5882352941176471,0.5,0.3103448275862069,0.07692307692307693,0.23076923076923078,0.0,0.5,0.4444444444444444,1.4736842105263157,6.615384615384615,4.555555555555555,0.1680327868852459,0.5228758169934641,6.797385620915033,44.96732026143791,6.274509803921569,9.934640522875817,9.411764705882353,14.640522875816995,42.875816993464056,4.705882352941177,15.163398692810459,71.11111111111111,12.026143790849675,29.28104575163399,255.1633986928105,0.0,1.5686274509803924,0.0,0.0,0.0,4.705882352941177,0.5228758169934641,4.183006535947713,3.6601307189542487,5.228758169934641,0.0,2.0915032679738563
joy.,15.2,2,1,1,0,2,0.0,0.5,1.0,18.0,134.0,17.0,22.0,14.0,17.0,59.0,7.0,28.0,186.0,15.0,75.0,552.0,2.0,7.0,2.0,2.0,0.0,1.0,1.0,2.0,5.0,3.0,0.0,-4.0,-0.2631578947368421,0.06578947368421052,1.1842105263157896,8.81578947368421,1.118421052631579,1.4473684210526316,0.9210526315789475,1.118421052631579,3.8815789473684212,0.46052631578947373,0.5,0.25,0.05555555555555555,0.3888888888888889,1.0,0.07142857142857142,0.14285714285714285,0.7727272727272727,7.444444444444445,4.214285714285714,0.1068840579710145,0.5263157894736842,9.473684210526317,70.52631578947368,8.947368421052632,11.578947368421053,7.36842105263158,8.947368421052632,31.05263157894737,3.68421052631579,14.73684210526316,97.89473684210527,7.894736842105264,39.473684210526315,290.5263157894737,1.0526315789473684,3.68421052631579,1.0526315789473684,1.0526315789473684,0.0,0.5263157894736842,0.5263157894736842,1.0526315789473684,2.6315789473684212,1.5789473684210527,0.0,-2.1052631578947367
white,15.1,2,1,1,1,1,1.0,0.0,5.0,28.0,184.0,23.0,26.0,13.0,14.0,52.0,1.0,28.0,192.0,5.0,75.0,512.0,1.0,8.0,5.0,3.0,0.0,5.0,0.0,5.0,3.0,1.0,0.0,3.0,0.19867549668874174,0.33112582781456956,1.8543046357615895,12.185430463576159,1.5231788079470199,1.7218543046357617,0.8609271523178809,0.9271523178807948,3.4437086092715234,0.06622516556291391,0.5,0.03571428571428571,0.17857142857142858,0.2857142857142857,0.6,0.38461538461538464,0.38461538461538464,0.5384615384615384,6.571428571428571,4.0,0.1015625,2.6490066225165565,14.834437086092716,97.48344370860927,12.185430463576159,13.774834437086094,6.887417218543047,7.417218543046358,27.549668874172188,0.5298013245033113,14.834437086092716,101.72185430463577,2.6490066225165565,39.735099337748345,271.2582781456954,0.5298013245033113,4.23841059602649,2.6490066225165565,1.589403973509934,0.0,2.6490066225165565,0.0,2.6490066225165565,1.589403973509934,0.5298013245033113,0.0,1.589403973509934
Grommit,14.7,2,2,0,0,2,0.0,1.0,2.0,13.0,124.0,10.0,16.0,12.0,16.0,32.0,4.0,28.0,137.0,10.0,54.0,597.0,0.0,3.0,1.0,1.0,1.0,5.0,1.0,4.0,6.0,4.0,1.0,2.0,0.1360544217687075,0.1360544217687075,0.8843537414965987,8.435374149659864,0.6802721088435374,1.08843537414966,0.8163265306122449,1.08843537414966,2.17687074829932,0.272108843537415,1.0,0.14285714285714285,0.15384615384615385,0.23076923076923078,1.0,0.4166666666666667,0.3333333333333333,1.0,9.538461538461538,2.6666666666666665,0.05360134003350084,1.08843537414966,7.07482993197279,67.48299319727892,5.442176870748299,8.70748299319728,6.530612244897959,8.70748299319728,17.41496598639456,2.17687074829932,15.238095238095239,74.5578231292517,5.442176870748299,29.387755102040817,324.8979591836735,0.0,1.6326530612244898,0.54421768707483,0.54421768707483,0.54421768707483,2.7210884353741496,0.54421768707483,2.17687074829932,3.2653061224489797,2.17687074829932,0.54421768707483,1.08843537414966
metalhead,14.4,2,2,0,1,1,1.0,1.0,3.0,13.0,101.0,10.0,17.0,22.0,26.0,99.0,3.0,26.0,111.0,30.0,48.0,603.0,0.0,0.0,1.0,1.0,0.0,2.0,0.0,5.0,7.0,4.0,0.0,7.0,0.4861111111111111,0.20833333333333331,0.9027777777777778,7.013888888888888,0.6944444444444444,1.1805555555555556,1.5277777777777777,1.8055555555555556,6.875,0.20833333333333331,1.0,0.11538461538461539,0.23076923076923078,0.0,1.0,0.09090909090909091,0.22727272727272727,1.5294117647058822,7.769230769230769,4.5,0.16417910447761194,1.6666666666666665,7.222222222222222,56.11111111111111,5.555555555555555,9.444444444444445,12.222222222222221,14.444444444444445,55.0,1.6666666666666665,14.444444444444445,61.666666666666664,16.666666666666668,26.666666666666664,335.0,0.0,0.0,0.5555555555555556,0.5555555555555556,0.0,1.1111111111111112,0.0,2.7777777777777777,3.888888888888889,2.2222222222222223,0.0,3.888888888888889
Iodized Salt,14.0,2,0,2,2,0,0.0,0.0,1.0,9.0,65.0,8.0,16.0,15.0,16.0,153.0,5.0,25.0,92.0,10.0,38.0,469.0,1.0,4.0,0.0,0.0,0.0,7.0,0.0,7.0,8.0,1.0,0.0,-6.0,-0.42857142857142855,0.07142857142857142,0.6428571428571429,4.642857142857143,0.5714285714285714,1.1428571428571428,1.0714285714285714,1.1428571428571428,10.928571428571429,0.35714285714285715,0.0,0.2,0.1111111111111111,0.4444444444444444,0.0,0.4666666666666667,0.4666666666666667,1.0,7.222222222222222,10.2,0.326226012793177,0.5714285714285714,5.142857142857143,37.142857142857146,4.571428571428571,9.142857142857142,8.571428571428571,9.142857142857142,87.42857142857143,2.857142857142857,14.285714285714286,52.57142857142857,5.714285714285714,21.714285714285715,268.0,0.5714285714285714,2.2857142857142856,0.0,0.0,0.0,4.0,0.0,4.0,4.571428571428571,0.5714285714285714,0.0,-3.4285714285714284
tears,13.8,2,2,0,1,1,1.0,1.0,3.0,24.0,121.0,21.0,25.0,14.0,17.0,83.0,5.0,24.0,192.0,25.0,81.0,374.0,1.0,8.0,2.0,1.0,0.0,4.0,1.0,4.0,4.0,3.0,0.0,6.0,0.43478260869565216,0.21739130434782608,1.7391304347826086,8.768115942028984,1.5217391304347825,1.8115942028985506,1.0144927536231882,1.2318840579710144,6.0144927536231885,0.36231884057971014,1.0,0.20833333333333334,0.125,0.3333333333333333,0.5,0.2857142857142857,0.2857142857142857,0.68,5.041666666666667,5.928571428571429,0.22192513368983957,1.7391304347826086,13.91304347826087,70.14492753623188,12.17391304347826,14.492753623188404,8.115942028985506,9.855072463768115,48.11594202898551,2.898550724637681,13.91304347826087,111.30434782608695,14.492753623188404,46.95652173913043,216.81159420289853,0.5797101449275363,4.63768115942029,1.1594202898550725,0.5797101449275363,0.0,2.318840579710145,0.5797101449275363,2.318840579710145,2.318840579710145,1.7391304347826086,0.0,3.4782608695652173
jazzz,12.5,2,1,1,1,1,1.0,0.0,1.0,17.0,114.0,16.0,22.0,16.0,18.0,144.0,2.0,24.0,145.0,25.0,61.0,387.0,2.0,6.0,1.0,1.0,0.0,8.0,1.0,9.0,6.0,2.0,0.0,0.0,0.0,0.08,1.36,9.12,1.28,1.76,1.28,1.44,11.52,0.16,0.5,0.08333333333333333,0.058823529411764705,0.35294117647058826,1.0,0.5,0.5625,0.8181818181818182,6.705882352941177,9.0,0.37209302325581395,0.64,10.88,72.96,10.24,14.08,10.24,11.52,92.16,1.28,15.36,92.8,16.0,39.04,247.68,1.28,3.84,0.64,0.64,0.0,5.12,0.64,5.76,3.84,1.28,0.0,0.0
Jelly Rat,9.1,1,0,1,0,1,0.0,0.0,0.0,5.0,63.0,5.0,11.0,8.0,14.0,50.0,1.0,16.0,78.0,0.0,30.0,409.0,1.0,0.0,0.0,0.0,0.0,2.0,0.0,3.0,6.0,6.0,0.0,-1.0,-0.10989010989010989,0.0,0.5494505494505495,6.923076923076923,0.5494505494505495,1.208791208791209,0.8791208791208791,1.5384615384615385,5.4945054945054945,0.10989010989010989,0.0,0.0625,0.0,0.0,0.0,0.25,0.375,1.2727272727272727,12.6,6.25,0.12224938875305623,0.0,4.395604395604396,55.38461538461539,4.395604395604396,9.670329670329672,7.032967032967033,12.307692307692308,43.956043956043956,0.8791208791208791,14.065934065934066,68.57142857142857,0.0,26.373626373626376,359.5604395604396,0.8791208791208791,0.0,0.0,0.0,0.0,1.7582417582417582,0.0,2.6373626373626373,5.274725274725275,5.274725274725275,0.0,-0.8791208791208791
doodleball,9.1,1,1,0,1,0,1.0,0.0,0.0,5.0,76.0,5.0,8.0,13.0,18.0,70.0,1.0,16.0,79.0,15.0,33.0,318.0,1.0,0.0,0.0,0.0,0.0,2.0,0.0,3.0,3.0,5.0,0.0,1.0,0.10989010989010989,0.0,0.5494505494505495,8.351648351648352,0.5494505494505495,0.8791208791208791,1.4285714285714286,1.978021978021978,7.6923076923076925,0.10989010989010989,1.0,0.0625,0.0,0.0,0.0,0.15384615384615385,0.23076923076923078,2.25,15.2,5.384615384615385,0.22012578616352202,0.0,4.395604395604396,66.81318681318682,4.395604395604396,7.032967032967033,11.428571428571429,15.824175824175825,61.53846153846154,0.8791208791208791,14.065934065934066,69.45054945054946,13.186813186813188,29.01098901098901,279.5604395604396,0.8791208791208791,0.0,0.0,0.0,0.0,1.7582417582417582,0.0,2.6373626373626373,2.6373626373626373,4.395604395604396,0.0,0.8791208791208791
Ebhawk,9.1,1,0,1,0,1,0.0,0.0,1.0,10.0,66.0,9.0,12.0,2.0,4.0,16.0,2.0,16.0,76.0,25.0,35.0,409.0,0.0,2.0,0.0,0.0,0.0,0.0,0.0,0.0,3.0,2.0,0.0,-1.0,-0.10989010989010989,0.10989010989010989,1.098901098901099,7.252747252747253,0.989010989010989,1.3186813186813187,0.21978021978021978,0.43956043956043955,1.7582417582417582,0.21978021978021978,0.0,0.125,0.1,0.2,0.0,0.0,0.0,0.3333333333333333,6.6,8.0,0.039119804400977995,0.8791208791208791,8.791208791208792,58.02197802197802,7.912087912087912,10.54945054945055,1.7582417582417582,3.5164835164835164,14.065934065934066,1.7582417582417582,14.065934065934066,66.81318681318682,21.978021978021978,30.76923076923077,359.5604395604396,0.0,1.7582417582417582,0.0,0.0,0.0,0.0,0.0,0.0,2.6373626373626373,1.7582417582417582,0.0,-0.8791208791208791
Therapist,9.1,1,1,0,1,0,1.0,0.0,1.0,10.0,79.0,9.0,15.0,6.0,7.0,37.0,0.0,16.0,95.0,0.0,38.0,318.0,0.0,3.0,0.0,0.0,0.0,1.0,0.0,2.0,6.0,1.0,0.0,1.0,0.10989010989010989,0.10989010989010989,1.098901098901099,8.681318681318682,0.989010989010989,1.6483516483516485,0.6593406593406593,0.7692307692307693,4.065934065934066,0.0,1.0,0.0,0.1,0.3,0.0,0.16666666666666666,0.3333333333333333,0.4666666666666667,7.9,6.166666666666667,0.11635220125786164,0.8791208791208791,8.791208791208792,69.45054945054946,7.912087912087912,13.186813186813188,5.274725274725275,6.153846153846154,32.527472527472526,0.0,14.065934065934066,83.51648351648352,0.0,33.40659340659341,279.5604395604396,0.0,2.6373626373626373,0.0,0.0,0.0,0.8791208791208791,0.0,1.7582417582417582,5.274725274725275,0.8791208791208791,0.0,0.8791208791208791
FlyingV,9.1,1,1,0,1,0,1.0,0.0,0.0,9.0,103.0,9.0,13.0,3.0,4.0,34.0,2.0,16.0,61.0,5.0,25.0,318.0,2.0,2.0,0.0,0.0,0.0,0.0,0.0,1.0,4.0,1.0,0.0,1.0,0.10989010989010989,0.0,0.989010989010989,11.31868131868132,0.989010989010989,1.4285714285714286,0.32967032967032966,0.43956043956043955,3.7362637362637363,0.21978021978021978,1.0,0.125,0.0,0.2222222222222222,0.0,0.0,0.3333333333333333,0.3076923076923077,11.444444444444445,11.333333333333334,0.1069182389937107,0.0,7.912087912087912,90.54945054945055,7.912087912087912,11.428571428571429,2.6373626373626373,3.5164835164835164,29.89010989010989,1.7582417582417582,14.065934065934066,53.62637362637363,4.395604395604396,21.978021978021978,279.5604395604396,1.7582417582417582,1.7582417582417582,0.0,0.0,0.0,0.0,0.0,0.8791208791208791,3.5164835164835164,0.8791208791208791,0.0,0.8791208791208791
Sam-,9.1,1,0,1,0,1,0.0,0.0,0.0,7.0,125.0,7.0,12.0,11.0,16.0,73.0,4.0,16.0,50.0,0.0,20.0,409.0,2.0,1.0,0.0,0.0,0.0,2.0,0.0,2.0,5.0,5.0,0.0,-1.0,-0.10989010989010989,0.0,0.7692307692307693,13.736263736263737,0.7692307692307693,1.3186813186813187,1.208791208791209,1.7582417582417582,8.021978021978022,0.43956043956043955,0.0,0.25,0.0,0.14285714285714285,0.0,0.18181818181818182,0.18181818181818182,1.3333333333333333,17.857142857142858,6.636363636363637,0.1784841075794621,0.0,6.153846153846154,109.8901098901099,6.153846153846154,10.54945054945055,9.670329670329672,14.065934065934066,64.17582417582418,3.5164835164835164,14.065934065934066,43.956043956043956,0.0,17.582417582417584,359.5604395604396,1.7582417582417582,0.8791208791208791,0.0,0.0,0.0,1.7582417582417582,0.0,1.7582417582417582,4.395604395604396,4.395604395604396,0.0,-0.8791208791208791
Hellball2079,9.0,1,0,1,0,1,0.0,0.0,0.0,14.0,106.0,14.0,19.0,5.0,5.0,13.0,2.0,16.0,90.0,10.0,38.0,414.0,1.0,2.0,0.0,0.0,0.0,0.0,0.0,0.0,5.0,0.0,0.0,-1.0,-0.1111111111111111,0.0,1.5555555555555556,11.777777777777779,1.5555555555555556,2.111111111111111,0.5555555555555556,0.5555555555555556,1.4444444444444444,0.2222222222222222,0.0,0.125,0.0,0.14285714285714285,0.0,0.0,0.0,0.2631578947368421,7.571428571428571,2.6,0.03140096618357488,0.0,12.444444444444445,94.22222222222223,12.444444444444445,16.88888888888889,4.444444444444445,4.444444444444445,11.555555555555555,1.7777777777777777,14.222222222222221,80.0,8.88888888888889,33.77777777777778,368.0,0.8888888888888888,1.7777777777777777,0.0,0.0,0.0,0.0,0.0,0.0,4.444444444444445,0.0,0.0,-0.8888888888888888
Hugo Ball,9.0,1,0,1,0,1,0.0,0.0,1.0,14.0,122.0,13.0,16.0,4.0,5.0,22.0,2.0,16.0,86.0,15.0,37.0,414.0,2.0,2.0,3.0,2.0,0.0,0.0,0.0,0.0,3.0,1.0,0.0,-1.0,-0.1111111111111111,0.1111111111111111,1.5555555555555556,13.555555555555555,1.4444444444444444,1.7777777777777777,0.4444444444444444,0.5555555555555556,2.4444444444444446,0.2222222222222222,0.0,0.125,0.07142857142857142,0.14285714285714285,0.6666666666666666,0.0,0.0,0.3125,8.714285714285714,5.5,0.05314009661835749,0.8888888888888888,12.444444444444445,108.44444444444444,11.555555555555555,14.222222222222221,3.5555555555555554,4.444444444444445,19.555555555555557,1.7777777777777777,14.222222222222221,76.44444444444444,13.333333333333334,32.888888888888886,368.0,1.7777777777777777,1.7777777777777777,2.6666666666666665,1.7777777777777777,0.0,0.0,0.0,0.0,2.6666666666666665,0.8888888888888888,0.0,-0.8888888888888888
memnite,9.0,1,1,0,1,0,1.0,0.0,0.0,3.0,18.0,3.0,7.0,13.0,17.0,66.0,1.0,16.0,62.0,10.0,26.0,360.0,0.0,0.0,0.0,0.0,0.0,4.0,1.0,4.0,4.0,4.0,0.0,1.0,0.1111111111111111,0.0,0.3333333333333333,2.0,0.3333333333333333,0.7777777777777778,1.4444444444444444,1.8888888888888888,7.333333333333333,0.1111111111111111,1.0,0.0625,0.0,0.0,0.0,0.3076923076923077,0.3076923076923077,2.4285714285714284,6.0,5.076923076923077,0.18333333333333332,0.0,2.6666666666666665,16.0,2.6666666666666665,6.222222222222222,11.555555555555555,15.11111111111111,58.666666666666664,0.8888888888888888,14.222222222222221,55.111111111111114,8.88888888888889,23.11111111111111,320.0,0.0,0.0,0.0,0.0,0.0,3.5555555555555554,0.8888888888888888,3.5555555555555554,3.5555555555555554,3.5555555555555554,0.0,0.8888888888888888
Hockeypuck,9.0,1,0,1,0,1,0.0,0.0,1.0,9.0,72.0,8.0,14.0,9.0,11.0,30.0,1.0,16.0,62.0,10.0,26.0,414.0,2.0,1.0,0.0,0.0,0.0,3.0,0.0,3.0,6.0,2.0,0.0,-1.0,-0.1111111111111111,0.1111111111111111,1.0,8.0,0.8888888888888888,1.5555555555555556,1.0,1.2222222222222223,3.3333333333333335,0.1111111111111111,0.0,0.0625,0.1111111111111111,0.1111111111111111,0.0,0.3333333333333333,0.3333333333333333,0.7857142857142857,8.0,3.3333333333333335,0.07246376811594203,0.8888888888888888,8.0,64.0,7.111111111111111,12.444444444444445,8.0,9.777777777777779,26.666666666666668,0.8888888888888888,14.222222222222221,55.111111111111114,8.88888888888889,23.11111111111111,368.0,1.7777777777777777,0.8888888888888888,0.0,0.0,0.0,2.6666666666666665,0.0,2.6666666666666665,5.333333333333333,1.7777777777777777,0.0,-0.8888888888888888
@pro,9.0,1,0,1,0,1,0.0,0.0,0.0,9.0,60.0,9.0,18.0,10.0,14.0,42.0,3.0,16.0,65.0,5.0,27.0,414.0,1.0,3.0,2.0,1.0,0.0,2.0,1.0,3.0,9.0,4.0,0.0,-1.0,-0.1111111111111111,0.0,1.0,6.666666666666667,1.0,2.0,1.1111111111111112,1.5555555555555556,4.666666666666667,0.3333333333333333,0.0,0.1875,0.0,0.3333333333333333,0.5,0.2,0.3,0.7777777777777778,6.666666666666667,4.2,0.10144927536231885,0.0,8.0,53.333333333333336,8.0,16.0,8.88888888888889,12.444444444444445,37.333333333333336,2.6666666666666665,14.222222222222221,57.77777777777778,4.444444444444445,24.0,368.0,0.8888888888888888,2.6666666666666665,1.7777777777777777,0.8888888888888888,0.0,1.7777777777777777,0.8888888888888888,2.6666666666666665,8.0,3.5555555555555554,0.0,-0.8888888888888888
sholmes,8.8,1,1,0,0,1,0.0,1.0,1.0,13.0,43.0,12.0,16.0,13.0,14.0,59.0,1.0,16.0,95.0,20.0,42.0,273.0,0.0,5.0,4.0,1.0,0.0,8.0,2.0,8.0,4.0,1.0,0.0,1.0,0.11363636363636363,0.11363636363636363,1.477272727272727,4.886363636363636,1.3636363636363635,1.8181818181818181,1.477272727272727,1.5909090909090908,6.704545454545454,0.11363636363636363,1.0,0.0625,0.07692307692307693,0.38461538461538464,0.25,0.6153846153846154,0.6153846153846154,0.875,3.3076923076923075,4.538461538461538,0.21611721611721613,0.9090909090909091,11.818181818181817,39.090909090909086,10.909090909090908,14.545454545454545,11.818181818181817,12.727272727272727,53.63636363636363,0.9090909090909091,14.545454545454545,86.36363636363636,18.18181818181818,38.18181818181818,248.18181818181816,0.0,4.545454545454545,3.6363636363636362,0.9090909090909091,0.0,7.2727272727272725,1.8181818181818181,7.2727272727272725,3.6363636363636362,0.9090909090909091,0.0,0.9090909090909091
The Bhutan,8.8,1,1,0,0,1,0.0,1.0,2.0,14.0,68.0,12.0,17.0,14.0,19.0,56.0,2.0,16.0,75.0,5.0,31.0,273.0,0.0,5.0,2.0,0.0,1.0,5.0,1.0,5.0,5.0,5.0,0.0,1.0,0.11363636363636363,0.22727272727272727,1.5909090909090908,7.727272727272727,1.3636363636363635,1.9318181818181817,1.5909090909090908,2.1590909090909087,6.363636363636363,0.22727272727272727,1.0,0.125,0.14285714285714285,0.35714285714285715,0.0,0.35714285714285715,0.35714285714285715,1.1176470588235294,4.857142857142857,4.0,0.20512820512820512,1.8181818181818181,12.727272727272727,61.81818181818181,10.909090909090908,15.454545454545453,12.727272727272727,17.27272727272727,50.90909090909091,1.8181818181818181,14.545454545454545,68.18181818181817,4.545454545454545,28.18181818181818,248.18181818181816,0.0,4.545454545454545,1.8181818181818181,0.0,0.9090909090909091,4.545454545454545,0.9090909090909091,4.545454545454545,4.545454545454545,4.545454545454545,0.0,0.9090909090909091
timo_tay,8.8,1,0,1,1,0,0.0,0.0,0.0,3.0,22.0,3.0,6.0,15.0,17.0,107.0,1.0,16.0,80.0,10.0,34.0,290.0,0.0,1.0,2.0,1.0,0.0,7.0,1.0,6.0,3.0,2.0,0.0,-1.0,-0.11363636363636363,0.0,0.3409090909090909,2.5,0.3409090909090909,0.6818181818181818,1.7045454545454544,1.9318181818181817,12.159090909090908,0.11363636363636363,0.0,0.0625,0.0,0.3333333333333333,0.5,0.4666666666666667,0.4,2.8333333333333335,7.333333333333333,7.133333333333334,0.3689655172413793,0.0,2.727272727272727,20.0,2.727272727272727,5.454545454545454,13.636363636363635,15.454545454545453,97.27272727272727,0.9090909090909091,14.545454545454545,72.72727272727272,9.09090909090909,30.909090909090907,263.6363636363636,0.0,0.9090909090909091,1.8181818181818181,0.9090909090909091,0.0,6.363636363636363,0.9090909090909091,5.454545454545454,2.727272727272727,1.8181818181818181,0.0,-0.9090909090909091
Klox,8.6,1,0,1,1,0,0.0,0.0,2.0,14.0,97.0,12.0,17.0,12.0,14.0,40.0,1.0,16.0,83.0,15.0,35.0,290.0,1.0,5.0,0.0,0.0,0.0,5.0,0.0,3.0,5.0,2.0,0.0,-1.0,-0.11627906976744186,0.23255813953488372,1.627906976744186,11.279069767441861,1.3953488372093024,1.9767441860465118,1.3953488372093024,1.627906976744186,4.651162790697675,0.11627906976744186,0.0,0.0625,0.14285714285714285,0.35714285714285715,0.0,0.4166666666666667,0.25,0.8235294117647058,6.928571428571429,3.3333333333333335,0.13793103448275862,1.8604651162790697,13.023255813953488,90.23255813953489,11.162790697674419,15.813953488372094,11.162790697674419,13.023255813953488,37.2093023255814,0.9302325581395349,14.883720930232558,77.2093023255814,13.953488372093023,32.55813953488372,269.7674418604651,0.9302325581395349,4.651162790697675,0.0,0.0,0.0,4.651162790697675,0.0,2.7906976744186047,4.651162790697675,1.8604651162790697,0.0,-0.9302325581395349
kwib,8.2,1,0,1,1,0,0.0,0.0,0.0,6.0,48.0,6.0,8.0,5.0,7.0,131.0,1.0,15.0,50.0,10.0,22.0,261.0,1.0,2.0,0.0,0.0,0.0,1.0,0.0,2.0,2.0,2.0,0.0,-1.0,-0.12195121951219513,0.0,0.7317073170731708,5.853658536585367,0.7317073170731708,0.9756097560975611,0.6097560975609757,0.853658536585366,15.975609756097562,0.12195121951219513,0.0,0.06666666666666667,0.0,0.3333333333333333,0.0,0.2,0.4,0.875,8.0,26.2,0.5019157088122606,0.0,5.853658536585367,46.82926829268293,5.853658536585367,7.8048780487804885,4.878048780487806,6.829268292682928,127.8048780487805,0.9756097560975611,14.634146341463415,48.78048780487805,9.756097560975611,21.463414634146343,254.63414634146343,0.9756097560975611,1.9512195121951221,0.0,0.0,0.0,0.9756097560975611,0.0,1.9512195121951221,1.9512195121951221,1.9512195121951221,0.0,-0.9756097560975611
Korgmonkey,8.2,1,0,1,1,0,0.0,0.0,0.0,11.0,73.0,11.0,13.0,6.0,10.0,6.0,1.0,15.0,90.0,5.0,37.0,261.0,2.0,6.0,0.0,0.0,0.0,1.0,0.0,1.0,2.0,4.0,0.0,-1.0,-0.12195121951219513,0.0,1.3414634146341464,8.902439024390244,1.3414634146341464,1.5853658536585367,0.7317073170731708,1.2195121951219514,0.7317073170731708,0.12195121951219513,0.0,0.06666666666666667,0.0,0.5454545454545454,0.0,0.16666666666666666,0.16666666666666666,0.7692307692307693,6.636363636363637,1.0,0.022988505747126436,0.0,10.731707317073171,71.21951219512195,10.731707317073171,12.682926829268293,5.853658536585367,9.756097560975611,5.853658536585367,0.9756097560975611,14.634146341463415,87.8048780487805,4.878048780487806,36.09756097560976,254.63414634146343,1.9512195121951221,5.853658536585367,0.0,0.0,0.0,0.9756097560975611,0.0,0.9756097560975611,1.9512195121951221,3.9024390243902443,0.0,-0.9756097560975611
snaxolotl,8.2,1,1,0,0,1,0.0,1.0,1.0,13.0,111.0,11.0,12.0,5.0,7.0,5.0,2.0,15.0,85.0,5.0,35.0,202.0,0.0,2.0,1.0,0.0,0.0,2.0,0.0,2.0,1.0,2.0,1.0,1.0,0.12195121951219513,0.12195121951219513,1.5853658536585367,13.536585365853659,1.3414634146341464,1.4634146341463417,0.6097560975609757,0.853658536585366,0.6097560975609757,0.24390243902439027,1.0,0.13333333333333333,0.07692307692307693,0.15384615384615385,0.0,0.4,0.4,0.5833333333333334,8.538461538461538,1.0,0.024752475247524754,0.9756097560975611,12.682926829268293,108.29268292682927,10.731707317073171,11.707317073170733,4.878048780487806,6.829268292682928,4.878048780487806,1.9512195121951221,14.634146341463415,82.92682926829269,4.878048780487806,34.146341463414636,197.07317073170734,0.0,1.9512195121951221,0.9756097560975611,0.0,0.0,1.9512195121951221,0.0,1.9512195121951221,0.9756097560975611,1.9512195121951221,0.9756097560975611,0.9756097560975611
Button,8.2,1,1,0,0,1,0.0,1.0,0.0,2.0,27.0,2.0,5.0,8.0,11.0,178.0,1.0,15.0,64.0,13.0,26.0,202.0,1.0,1.0,1.0,0.0,0.0,5.0,0.0,5.0,3.0,3.0,0.0,1.0,0.12195121951219513,0.0,0.24390243902439027,3.2926829268292686,0.24390243902439027,0.6097560975609757,0.9756097560975611,1.3414634146341464,21.707317073170735,0.12195121951219513,1.0,0.06666666666666667,0.0,0.5,0.0,0.625,0.625,2.2,13.5,22.25,0.8811881188118812,0.0,1.9512195121951221,26.34146341463415,1.9512195121951221,4.878048780487806,7.8048780487804885,10.731707317073171,173.65853658536588,0.9756097560975611,14.634146341463415,62.43902439024391,12.682926829268293,25.365853658536587,197.07317073170734,0.9756097560975611,0.9756097560975611,0.9756097560975611,0.0,0.0,4.878048780487806,0.0,4.878048780487806,2.9268292682926833,2.9268292682926833,0.0,0.9756097560975611
T.Bomballdil,8.2,1,1,0,0,1,0.0,1.0,1.0,14.0,111.0,13.0,19.0,4.0,9.0,4.0,1.0,15.0,85.0,15.0,37.0,202.0,1.0,4.0,3.0,2.0,0.0,1.0,0.0,2.0,6.0,5.0,0.0,1.0,0.12195121951219513,0.12195121951219513,1.707317073170732,13.536585365853659,1.5853658536585367,2.3170731707317076,0.48780487804878053,1.0975609756097562,0.48780487804878053,0.12195121951219513,1.0,0.06666666666666667,0.07142857142857142,0.2857142857142857,0.6666666666666666,0.25,0.5,0.47368421052631576,7.928571428571429,1.0,0.019801980198019802,0.9756097560975611,13.658536585365855,108.29268292682927,12.682926829268293,18.53658536585366,3.9024390243902443,8.78048780487805,3.9024390243902443,0.9756097560975611,14.634146341463415,82.92682926829269,14.634146341463415,36.09756097560976,197.07317073170734,0.9756097560975611,3.9024390243902443,2.9268292682926833,1.9512195121951221,0.0,0.9756097560975611,0.0,1.9512195121951221,5.853658536585367,4.878048780487806,0.0,0.9756097560975611
Borgus,8.1,1,0,1,1,0,0.0,0.0,1.0,13.0,108.0,12.0,16.0,5.0,6.0,35.0,0.0,14.0,89.0,10.0,36.0,268.0,1.0,2.0,1.0,1.0,0.0,0.0,0.0,0.0,4.0,1.0,0.0,-1.0,-0.1234567901234568,0.1234567901234568,1.6049382716049383,13.333333333333334,1.4814814814814816,1.9753086419753088,0.617283950617284,0.7407407407407408,4.320987654320988,0.0,0.0,0.0,0.07692307692307693,0.15384615384615385,1.0,0.0,0.0,0.375,8.307692307692308,7.0,0.13059701492537312,0.9876543209876544,12.839506172839506,106.66666666666667,11.851851851851853,15.80246913580247,4.938271604938272,5.9259259259259265,34.567901234567906,0.0,13.827160493827162,87.90123456790124,9.876543209876544,35.55555555555556,264.6913580246914,0.9876543209876544,1.9753086419753088,0.9876543209876544,0.9876543209876544,0.0,0.0,0.0,0.0,3.9506172839506175,0.9876543209876544,0.0,-0.9876543209876544
Better Mamba,8.1,1,1,0,0,1,0.0,1.0,0.0,3.0,34.0,3.0,7.0,9.0,16.0,101.0,1.0,14.0,52.0,5.0,21.0,268.0,0.0,0.0,1.0,1.0,0.0,3.0,0.0,5.0,4.0,7.0,0.0,1.0,0.1234567901234568,0.0,0.3703703703703704,4.197530864197531,0.3703703703703704,0.8641975308641976,1.1111111111111112,1.9753086419753088,12.469135802469136,0.1234567901234568,1.0,0.07142857142857142,0.0,0.0,1.0,0.3333333333333333,0.5555555555555556,2.2857142857142856,11.333333333333334,11.222222222222221,0.376865671641791,0.0,2.9629629629629632,33.58024691358025,2.9629629629629632,6.913580246913581,8.88888888888889,15.80246913580247,99.75308641975309,0.9876543209876544,13.827160493827162,51.358024691358025,4.938271604938272,20.74074074074074,264.6913580246914,0.0,0.0,0.9876543209876544,0.9876543209876544,0.0,2.9629629629629632,0.0,4.938271604938272,3.9506172839506175,6.913580246913581,0.0,0.9876543209876544
beez,8.1,1,0,1,1,0,0.0,0.0,0.0,4.0,24.0,4.0,10.0,6.0,6.0,96.0,2.0,14.0,68.0,5.0,27.0,268.0,0.0,0.0,0.0,0.0,0.0,3.0,0.0,1.0,6.0,0.0,0.0,-1.0,-0.1234567901234568,0.0,0.4938271604938272,2.9629629629629632,0.4938271604938272,1.234567901234568,0.7407407407407408,0.7407407407407408,11.851851851851853,0.2469135802469136,0.0,0.14285714285714285,0.0,0.0,0.0,0.5,0.16666666666666666,0.6,6.0,16.0,0.3582089552238806,0.0,3.9506172839506175,23.703703703703706,3.9506172839506175,9.876543209876544,5.9259259259259265,5.9259259259259265,94.81481481481482,1.9753086419753088,13.827160493827162,67.1604938271605,4.938271604938272,26.666666666666668,264.6913580246914,0.0,0.0,0.0,0.0,0.0,2.9629629629629632,0.0,0.9876543209876544,5.9259259259259265,0.0,0.0,-0.9876543209876544
Billy,8.1,1,1,0,0,1,0.0,1.0,0.0,5.0,75.0,5.0,5.0,5.0,7.0,59.0,1.0,14.0,40.0,20.0,20.0,268.0,1.0,1.0,0.0,0.0,0.0,1.0,0.0,2.0,0.0,2.0,0.0,1.0,0.1234567901234568,0.0,0.617283950617284,9.25925925925926,0.617283950617284,0.617283950617284,0.617283950617284,0.8641975308641976,7.283950617283951,0.1234567901234568,1.0,0.07142857142857142,0.0,0.2,0.0,0.2,0.4,1.4,15.0,11.8,0.22014925373134328,0.0,4.938271604938272,74.07407407407408,4.938271604938272,4.938271604938272,4.938271604938272,6.913580246913581,58.27160493827161,0.9876543209876544,13.827160493827162,39.50617283950618,19.75308641975309,19.75308641975309,264.6913580246914,0.9876543209876544,0.9876543209876544,0.0,0.0,0.0,0.9876543209876544,0.0,1.9753086419753088,0.0,1.9753086419753088,0.0,0.9876543209876544
jmu,8.0,1,0,1,0,1,0.0,0.0,0.0,9.0,43.0,8.0,15.0,7.0,7.0,32.0,1.0,14.0,87.0,0.0,34.0,258.0,0.0,2.0,0.0,0.0,0.0,0.0,0.0,0.0,7.0,0.0,1.0,-2.0,-0.25,0.0,1.125,5.375,1.0,1.875,0.875,0.875,4.0,0.125,0.0,0.07142857142857142,0.0,0.2222222222222222,0.0,0.0,0.0,0.4666666666666667,4.777777777777778,4.571428571428571,0.12403100775193798,0.0,9.0,43.0,8.0,15.0,7.0,7.0,32.0,1.0,14.0,87.0,0.0,34.0,258.0,0.0,2.0,0.0,0.0,0.0,0.0,0.0,0.0,7.0,0.0,1.0,-2.0
Sugar,8.0,1,1,0,0,1,0.0,1.0,2.0,12.0,99.0,10.0,13.0,11.0,13.0,24.0,3.0,14.0,116.0,5.0,47.0,279.0,2.0,4.0,2.0,1.0,0.0,4.0,0.0,4.0,3.0,2.0,0.0,2.0,0.25,0.25,1.5,12.375,1.25,1.625,1.375,1.625,3.0,0.375,1.0,0.21428571428571427,0.16666666666666666,0.3333333333333333,0.5,0.36363636363636365,0.36363636363636365,1.0,8.25,2.1818181818181817,0.08602150537634409,2.0,12.0,99.0,10.0,13.0,11.0,13.0,24.0,3.0,14.0,116.0,5.0,47.0,279.0,2.0,4.0,2.0,1.0,0.0,4.0,0.0,4.0,3.0,2.0,0.0,2.0
megapoop22,8.0,1,1,0,0,1,0.0,1.0,2.0,10.0,71.0,8.0,9.0,4.0,4.0,31.0,0.0,14.0,80.0,15.0,35.0,279.0,1.0,0.0,1.0,0.0,1.0,0.0,0.0,0.0,1.0,0.0,0.0,2.0,0.25,0.25,1.25,8.875,1.0,1.125,0.5,0.5,3.875,0.0,1.0,0.0,0.2,0.0,0.0,0.0,0.0,0.4444444444444444,7.1,7.75,0.1111111111111111,2.0,10.0,71.0,8.0,9.0,4.0,4.0,31.0,0.0,14.0,80.0,15.0,35.0,279.0,1.0,0.0,1.0,0.0,1.0,0.0,0.0,0.0,1.0,0.0,0.0,2.0
Sif,8.0,1,0,1,1,0,0.0,0.0,1.0,15.0,119.0,14.0,14.0,8.0,9.0,17.0,5.0,14.0,95.0,15.0,41.0,363.0,2.0,5.0,2.0,1.0,1.0,0.0,0.0,0.0,0.0,1.0,0.0,-2.0,-0.25,0.125,1.875,14.875,1.75,1.75,1.0,1.125,2.125,0.625,0.0,0.35714285714285715,0.06666666666666667,0.3333333333333333,0.5,0.0,0.0,0.6428571428571429,7.933333333333334,2.125,0.046831955922865015,1.0,15.0,119.0,14.0,14.0,8.0,9.0,17.0,5.0,14.0,95.0,15.0,41.0,363.0,2.0,5.0,2.0,1.0,1.0,0.0,0.0,0.0,0.0,1.0,0.0,-2.0
TheG,8.0,1,1,0,0,1,0.0,1.0,1.0,10.0,112.0,9.0,12.0,12.0,12.0,41.0,1.0,14.0,135.0,5.0,55.0,279.0,1.0,1.0,0.0,0.0,0.0,5.0,0.0,6.0,3.0,0.0,0.0,2.0,0.25,0.125,1.25,14.0,1.125,1.5,1.5,1.5,5.125,0.125,1.0,0.07142857142857142,0.1,0.1,0.0,0.4166666666666667,0.5,1.0,11.2,3.4166666666666665,0.14695340501792115,1.0,10.0,112.0,9.0,12.0,12.0,12.0,41.0,1.0,14.0,135.0,5.0,55.0,279.0,1.0,1.0,0.0,0.0,0.0,5.0,0.0,6.0,3.0,0.0,0.0,2.0
Belacqua,8.0,1,1,0,1,0,1.0,0.0,3.0,14.0,96.0,10.0,10.0,11.0,13.0,13.0,0.0,14.0,70.0,10.0,30.0,230.0,0.0,1.0,1.0,1.0,1.0,1.0,0.0,2.0,0.0,2.0,1.0,2.0,0.25,0.375,1.75,12.0,1.25,1.25,1.375,1.625,1.625,0.0,1.0,0.0,0.21428571428571427,0.07142857142857142,1.0,0.09090909090909091,0.18181818181818182,1.3,6.857142857142857,1.1818181818181819,0.05652173913043478,3.0,14.0,96.0,10.0,10.0,11.0,13.0,13.0,0.0,14.0,70.0,10.0,30.0,230.0,0.0,1.0,1.0,1.0,1.0,1.0,0.0,2.0,0.0,2.0,1.0,2.0
~zion~,8.0,1,1,0,1,0,1.0,0.0,1.0,13.0,100.0,12.0,15.0,6.0,6.0,52.0,0.0,14.0,115.0,0.0,46.0,230.0,1.0,2.0,1.0,1.0,0.0,4.0,2.0,5.0,3.0,0.0,0.0,2.0,0.25,0.125,1.625,12.5,1.5,1.875,0.75,0.75,6.5,0.0,1.0,0.0,0.07692307692307693,0.15384615384615385,1.0,0.6666666666666666,0.8333333333333334,0.4,7.6923076923076925,8.666666666666666,0.22608695652173913,1.0,13.0,100.0,12.0,15.0,6.0,6.0,52.0,0.0,14.0,115.0,0.0,46.0,230.0,1.0,2.0,1.0,1.0,0.0,4.0,2.0,5.0,3.0,0.0,0.0,2.0
Niplepotamus,8.0,1,1,0,1,0,1.0,0.0,1.0,7.0,43.0,6.0,6.0,8.0,16.0,104.0,3.0,14.0,84.0,5.0,33.0,230.0,0.0,1.0,2.0,2.0,0.0,4.0,0.0,3.0,0.0,8.0,0.0,2.0,0.25,0.125,0.875,5.375,0.75,0.75,1.0,2.0,13.0,0.375,1.0,0.21428571428571427,0.14285714285714285,0.14285714285714285,1.0,0.5,0.375,2.6666666666666665,6.142857142857143,13.0,0.45217391304347826,1.0,7.0,43.0,6.0,6.0,8.0,16.0,104.0,3.0,14.0,84.0,5.0,33.0,230.0,0.0,1.0,2.0,2.0,0.0,4.0,0.0,3.0,0.0,8.0,0.0,2.0
might dino,8.0,1,1,0,1,0,1.0,0.0,1.0,8.0,94.0,7.0,11.0,5.0,7.0,22.0,4.0,14.0,75.0,0.0,30.0,237.0,1.0,2.0,0.0,0.0,0.0,0.0,1.0,0.0,4.0,2.0,0.0,4.0,0.5,0.125,1.0,11.75,0.875,1.375,0.625,0.875,2.75,0.5,1.0,0.2857142857142857,0.125,0.25,0.0,0.0,0.0,0.6363636363636364,11.75,4.4,0.09282700421940929,1.0,8.0,94.0,7.0,11.0,5.0,7.0,22.0,4.0,14.0,75.0,0.0,30.0,237.0,1.0,2.0,0.0,0.0,0.0,0.0,1.0,0.0,4.0,2.0,0.0,4.0
ish,8.0,1,0,1,0,1,0.0,0.0,1.0,12.0,37.0,10.0,13.0,8.0,11.0,76.0,0.0,14.0,71.0,20.0,32.0,263.0,0.0,7.0,1.0,0.0,1.0,6.0,0.0,6.0,3.0,3.0,1.0,-4.0,-0.5,0.125,1.5,4.625,1.25,1.625,1.0,1.375,9.5,0.0,0.0,0.0,0.08333333333333333,0.5833333333333334,0.0,0.75,0.75,0.8461538461538461,3.0833333333333335,9.5,0.2889733840304182,1.0,12.0,37.0,10.0,13.0,8.0,11.0,76.0,0.0,14.0,71.0,20.0,32.0,263.0,0.0,7.0,1.0,0.0,1.0,6.0,0.0,6.0,3.0,3.0,1.0,-4.0
Lirath,8.0,1,0,1,0,1,0.0,0.0,0.0,16.0,60.0,16.0,20.0,5.0,6.0,12.0,1.0,14.0,132.0,20.0,56.0,263.0,0.0,5.0,3.0,0.0,0.0,2.0,0.0,3.0,4.0,1.0,0.0,-4.0,-0.5,0.0,2.0,7.5,2.0,2.5,0.625,0.75,1.5,0.125,0.0,0.07142857142857142,0.0,0.3125,0.0,0.4,0.6,0.3,3.75,2.4,0.045627376425855515,0.0,16.0,60.0,16.0,20.0,5.0,6.0,12.0,1.0,14.0,132.0,20.0,56.0,263.0,0.0,5.0,3.0,0.0,0.0,2.0,0.0,3.0,4.0,1.0,0.0,-4.0
Taddy Mason,8.0,1,1,0,1,0,1.0,0.0,0.0,11.0,68.0,11.0,13.0,10.0,12.0,50.0,0.0,14.0,97.0,20.0,42.0,266.0,0.0,3.0,2.0,0.0,0.0,2.0,0.0,3.0,2.0,2.0,0.0,2.0,0.25,0.0,1.375,8.5,1.375,1.625,1.25,1.5,6.25,0.0,1.0,0.0,0.0,0.2727272727272727,0.0,0.2,0.3,0.9230769230769231,6.181818181818182,5.0,0.18796992481203006,0.0,11.0,68.0,11.0,13.0,10.0,12.0,50.0,0.0,14.0,97.0,20.0,42.0,266.0,0.0,3.0,2.0,0.0,0.0,2.0,0.0,3.0,2.0,2.0,0.0,2.0
omni,8.0,1,0,1,0,1,0.0,0.0,1.0,12.0,82.0,11.0,15.0,8.0,9.0,27.0,2.0,14.0,96.0,0.0,38.0,285.0,1.0,3.0,1.0,0.0,0.0,3.0,1.0,3.0,4.0,1.0,0.0,-2.0,-0.25,0.125,1.5,10.25,1.375,1.875,1.0,1.125,3.375,0.25,0.0,0.14285714285714285,0.08333333333333333,0.25,0.0,0.375,0.375,0.6,6.833333333333333,3.375,0.09473684210526316,1.0,12.0,82.0,11.0,15.0,8.0,9.0,27.0,2.0,14.0,96.0,0.0,38.0,285.0,1.0,3.0,1.0,0.0,0.0,3.0,1.0,3.0,4.0,1.0,0.0,-2.0
DT,8.0,1,1,0,1,0,1.0,0.0,4.0,12.0,143.0,8.0,9.0,6.0,7.0,72.0,5.0,14.0,66.0,5.0,27.0,266.0,3.0,1.0,0.0,0.0,0.0,3.0,0.0,3.0,1.0,1.0,0.0,2.0,0.25,0.5,1.5,17.875,1.0,1.125,0.75,0.875,9.0,0.625,1.0,0.35714285714285715,0.3333333333333333,0.08333333333333333,0.0,0.5,0.5,0.7777777777777778,11.916666666666666,12.0,0.2706766917293233,4.0,12.0,143.0,8.0,9.0,6.0,7.0,72.0,5.0,14.0,66.0,5.0,27.0,266.0,3.0,1.0,0.0,0.0,0.0,3.0,0.0,3.0,1.0,1.0,0.0,2.0
HammerTime,8.0,1,1,0,1,0,1.0,0.0,1.0,13.0,52.0,12.0,14.0,6.0,8.0,39.0,1.0,14.0,101.0,5.0,41.0,266.0,0.0,5.0,3.0,1.0,0.0,1.0,1.0,1.0,2.0,2.0,0.0,2.0,0.25,0.125,1.625,6.5,1.5,1.75,0.75,1.0,4.875,0.125,1.0,0.07142857142857142,0.07692307692307693,0.38461538461538464,0.3333333333333333,0.16666666666666666,0.16666666666666666,0.5714285714285714,4.0,6.5,0.14661654135338345,1.0,13.0,52.0,12.0,14.0,6.0,8.0,39.0,1.0,14.0,101.0,5.0,41.0,266.0,0.0,5.0,3.0,1.0,0.0,1.0,1.0,1.0,2.0,2.0,0.0,2.0
Eballs,8.0,1,1,0,1,0,1.0,0.0,0.0,5.0,47.0,4.0,9.0,13.0,15.0,113.0,0.0,14.0,49.0,20.0,22.0,237.0,0.0,0.0,0.0,0.0,0.0,7.0,0.0,8.0,5.0,2.0,1.0,4.0,0.5,0.0,0.625,5.875,0.5,1.125,1.625,1.875,14.125,0.0,1.0,0.0,0.0,0.0,0.0,0.5384615384615384,0.6153846153846154,1.6666666666666667,9.4,8.692307692307692,0.4767932489451477,0.0,5.0,47.0,4.0,9.0,13.0,15.0,113.0,0.0,14.0,49.0,20.0,22.0,237.0,0.0,0.0,0.0,0.0,0.0,7.0,0.0,8.0,5.0,2.0,1.0,4.0
Riven,8.0,1,1,0,1,0,1.0,0.0,0.0,6.0,22.0,6.0,7.0,17.0,20.0,91.0,4.0,14.0,90.0,30.0,42.0,266.0,0.0,3.0,0.0,0.0,0.0,6.0,1.0,7.0,1.0,3.0,0.0,2.0,0.25,0.0,0.75,2.75,0.75,0.875,2.125,2.5,11.375,0.5,1.0,0.2857142857142857,0.0,0.5,0.0,0.35294117647058826,0.4117647058823529,2.857142857142857,3.6666666666666665,5.352941176470588,0.34210526315789475,0.0,6.0,22.0,6.0,7.0,17.0,20.0,91.0,4.0,14.0,90.0,30.0,42.0,266.0,0.0,3.0,0.0,0.0,0.0,6.0,1.0,7.0,1.0,3.0,0.0,2.0
deku,8.0,1,1,0,1,0,1.0,0.0,0.0,3.0,6.0,3.0,7.0,11.0,12.0,134.0,0.0,14.0,67.0,15.0,29.0,266.0,0.0,2.0,1.0,0.0,0.0,5.0,0.0,5.0,4.0,1.0,0.0,2.0,0.25,0.0,0.375,0.75,0.375,0.875,1.375,1.5,16.75,0.0,1.0,0.0,0.0,0.6666666666666666,0.0,0.45454545454545453,0.45454545454545453,1.7142857142857142,2.0,12.181818181818182,0.5037593984962406,0.0,3.0,6.0,3.0,7.0,11.0,12.0,134.0,0.0,14.0,67.0,15.0,29.0,266.0,0.0,2.0,1.0,0.0,0.0,5.0,0.0,5.0,4.0,1.0,0.0,2.0
NameLEss,8.0,1,1,0,0,1,0.0,1.0,0.0,6.0,81.0,5.0,5.0,13.0,13.0,85.0,2.0,14.0,36.0,18.0,17.0,279.0,1.0,0.0,1.0,0.0,0.0,6.0,2.0,6.0,0.0,0.0,1.0,2.0,0.25,0.0,0.75,10.125,0.625,0.625,1.625,1.625,10.625,0.25,1.0,0.14285714285714285,0.0,0.0,0.0,0.46153846153846156,0.46153846153846156,2.6,13.5,6.538461538461538,0.3046594982078853,0.0,6.0,81.0,5.0,5.0,13.0,13.0,85.0,2.0,14.0,36.0,18.0,17.0,279.0,1.0,0.0,1.0,0.0,0.0,6.0,2.0,6.0,0.0,0.0,1.0,2.0
Green,8.0,1,0,1,1,0,0.0,0.0,1.0,11.0,65.0,10.0,15.0,7.0,7.0,43.0,1.0,14.0,97.0,5.0,39.0,242.0,0.0,3.0,0.0,0.0,0.0,2.0,0.0,2.0,5.0,0.0,0.0,-2.0,-0.25,0.125,1.375,8.125,1.25,1.875,0.875,0.875,5.375,0.125,0.0,0.07142857142857142,0.09090909090909091,0.2727272727272727,0.0,0.2857142857142857,0.2857142857142857,0.4666666666666667,5.909090909090909,6.142857142857143,0.17768595041322313,1.0,11.0,65.0,10.0,15.0,7.0,7.0,43.0,1.0,14.0,97.0,5.0,39.0,242.0,0.0,3.0,0.0,0.0,0.0,2.0,0.0,2.0,5.0,0.0,0.0,-2.0
Dad Jokes!,8.0,1,0,1,0,1,0.0,0.0,0.0,13.0,174.0,12.0,13.0,5.0,8.0,3.0,1.0,14.0,76.0,10.0,32.0,375.0,3.0,2.0,1.0,1.0,0.0,0.0,0.0,1.0,1.0,3.0,1.0,-2.0,-0.25,0.0,1.625,21.75,1.5,1.625,0.625,1.0,0.375,0.125,0.0,0.07142857142857142,0.0,0.15384615384615385,1.0,0.0,0.2,0.6153846153846154,13.384615384615385,0.6,0.008,0.0,13.0,174.0,12.0,13.0,5.0,8.0,3.0,1.0,14.0,76.0,10.0,32.0,375.0,3.0,2.0,1.0,1.0,0.0,0.0,0.0,1.0,1.0,3.0,1.0,-2.0
CBad,8.0,1,1,0,1,0,1.0,0.0,0.0,8.0,94.0,8.0,10.0,3.0,3.0,10.0,2.0,14.0,88.0,15.0,37.0,281.0,1.0,2.0,2.0,1.0,0.0,1.0,0.0,1.0,2.0,0.0,0.0,2.0,0.25,0.0,1.0,11.75,1.0,1.25,0.375,0.375,1.25,0.25,1.0,0.14285714285714285,0.0,0.25,0.5,0.3333333333333333,0.3333333333333333,0.3,11.75,3.3333333333333335,0.03558718861209965,0.0,8.0,94.0,8.0,10.0,3.0,3.0,10.0,2.0,14.0,88.0,15.0,37.0,281.0,1.0,2.0,2.0,1.0,0.0,1.0,0.0,1.0,2.0,0.0,0.0,2.0
Phil Ballins,8.0,1,0,1,1,0,0.0,0.0,0.0,7.0,52.0,7.0,14.0,10.0,10.0,100.0,0.0,14.0,70.0,5.0,29.0,242.0,0.0,2.0,0.0,0.0,0.0,7.0,1.0,7.0,7.0,0.0,0.0,-2.0,-0.25,0.0,0.875,6.5,0.875,1.75,1.25,1.25,12.5,0.0,0.0,0.0,0.0,0.2857142857142857,0.0,0.7,0.7,0.7142857142857143,7.428571428571429,10.0,0.4132231404958678,0.0,7.0,52.0,7.0,14.0,10.0,10.0,100.0,0.0,14.0,70.0,5.0,29.0,242.0,0.0,2.0,0.0,0.0,0.0,7.0,1.0,7.0,7.0,0.0,0.0,-2.0
Horizon,8.0,1,0,1,0,1,0.0,0.0,1.0,8.0,117.0,7.0,11.0,8.0,9.0,4.0,1.0,14.0,68.0,23.0,30.0,375.0,3.0,1.0,2.0,1.0,0.0,0.0,0.0,0.0,4.0,1.0,0.0,-2.0,-0.25,0.125,1.0,14.625,0.875,1.375,1.0,1.125,0.5,0.125,0.0,0.07142857142857142,0.125,0.125,0.5,0.0,0.0,0.8181818181818182,14.625,0.5,0.010666666666666666,1.0,8.0,117.0,7.0,11.0,8.0,9.0,4.0,1.0,14.0,68.0,23.0,30.0,375.0,3.0,1.0,2.0,1.0,0.0,0.0,0.0,0.0,4.0,1.0,0.0,-2.0
DuckDuckJuke,8.0,1,1,0,1,0,1.0,0.0,0.0,10.0,116.0,10.0,11.0,7.0,14.0,36.0,6.0,14.0,81.0,0.0,32.0,371.0,0.0,0.0,0.0,0.0,0.0,1.0,0.0,1.0,1.0,7.0,0.0,2.0,0.25,0.0,1.25,14.5,1.25,1.375,0.875,1.75,4.5,0.75,1.0,0.42857142857142855,0.0,0.0,0.0,0.14285714285714285,0.14285714285714285,1.2727272727272727,11.6,5.142857142857143,0.09703504043126684,0.0,10.0,116.0,10.0,11.0,7.0,14.0,36.0,6.0,14.0,81.0,0.0,32.0,371.0,0.0,0.0,0.0,0.0,0.0,1.0,0.0,1.0,1.0,7.0,0.0,2.0
Ballzilla,8.0,1,1,0,1,0,1.0,0.0,1.0,6.0,51.0,5.0,7.0,9.0,10.0,113.0,2.0,14.0,52.0,10.0,22.0,199.0,1.0,2.0,1.0,0.0,0.0,2.0,0.0,2.0,2.0,1.0,0.0,1.0,0.125,0.125,0.75,6.375,0.625,0.875,1.125,1.25,14.125,0.25,1.0,0.14285714285714285,0.16666666666666666,0.3333333333333333,0.0,0.2222222222222222,0.2222222222222222,1.4285714285714286,8.5,12.555555555555555,0.5678391959798995,1.0,6.0,51.0,5.0,7.0,9.0,10.0,113.0,2.0,14.0,52.0,10.0,22.0,199.0,1.0,2.0,1.0,0.0,0.0,2.0,0.0,2.0,2.0,1.0,0.0,1.0
Sir Cle Jerk,8.0,1,0,1,0,1,0.0,0.0,1.0,11.0,61.0,10.0,12.0,3.0,5.0,7.0,2.0,14.0,88.0,5.0,35.0,219.0,0.0,3.0,0.0,0.0,0.0,0.0,0.0,1.0,2.0,2.0,0.0,-1.0,-0.125,0.125,1.375,7.625,1.25,1.5,0.375,0.625,0.875,0.25,0.0,0.14285714285714285,0.09090909090909091,0.2727272727272727,0.0,0.0,0.3333333333333333,0.4166666666666667,5.545454545454546,2.3333333333333335,0.0319634703196347,1.0,11.0,61.0,10.0,12.0,3.0,5.0,7.0,2.0,14.0,88.0,5.0,35.0,219.0,0.0,3.0,0.0,0.0,0.0,0.0,0.0,1.0,2.0,2.0,0.0,-1.0
poobie,8.0,1,1,0,0,1,0.0,1.0,2.0,12.0,137.0,9.0,14.0,6.0,10.0,6.0,1.0,14.0,76.0,20.0,34.0,249.0,1.0,4.0,2.0,1.0,0.0,2.0,1.0,3.0,5.0,4.0,1.0,2.0,0.25,0.25,1.5,17.125,1.125,1.75,0.75,1.25,0.75,0.125,1.0,0.07142857142857142,0.16666666666666666,0.3333333333333333,0.5,0.3333333333333333,0.5,0.7142857142857143,11.416666666666666,1.0,0.024096385542168676,2.0,12.0,137.0,9.0,14.0,6.0,10.0,6.0,1.0,14.0,76.0,20.0,34.0,249.0,1.0,4.0,2.0,1.0,0.0,2.0,1.0,3.0,5.0,4.0,1.0,2.0
bbb,8.0,1,1,0,0,1,0.0,1.0,1.0,2.0,27.0,1.0,2.0,12.0,18.0,79.0,3.0,14.0,95.0,10.0,40.0,249.0,1.0,1.0,0.0,0.0,0.0,8.0,0.0,8.0,1.0,6.0,0.0,2.0,0.25,0.125,0.25,3.375,0.125,0.25,1.5,2.25,9.875,0.375,1.0,0.21428571428571427,0.5,0.5,0.0,0.6666666666666666,0.6666666666666666,9.0,13.5,6.583333333333333,0.3172690763052209,1.0,2.0,27.0,1.0,2.0,12.0,18.0,79.0,3.0,14.0,95.0,10.0,40.0,249.0,1.0,1.0,0.0,0.0,0.0,8.0,0.0,8.0,1.0,6.0,0.0,2.0
BallsToYou.,8.0,1,0,1,1,0,0.0,0.0,2.0,13.0,128.0,11.0,20.0,3.0,4.0,18.0,1.0,14.0,88.0,20.0,38.0,257.0,2.0,5.0,0.0,0.0,0.0,1.0,0.0,1.0,9.0,1.0,0.0,-2.0,-0.25,0.25,1.625,16.0,1.375,2.5,0.375,0.5,2.25,0.125,0.0,0.07142857142857142,0.15384615384615385,0.38461538461538464,0.0,0.3333333333333333,0.3333333333333333,0.2,9.846153846153847,6.0,0.07003891050583658,2.0,13.0,128.0,11.0,20.0,3.0,4.0,18.0,1.0,14.0,88.0,20.0,38.0,257.0,2.0,5.0,0.0,0.0,0.0,1.0,0.0,1.0,9.0,1.0,0.0,-2.0
fender,8.0,1,0,1,0,1,0.0,0.0,0.0,14.0,75.0,14.0,16.0,10.0,10.0,29.0,0.0,14.0,93.0,10.0,38.0,261.0,1.0,5.0,1.0,0.0,0.0,1.0,0.0,1.0,2.0,0.0,0.0,-2.0,-0.25,0.0,1.75,9.375,1.75,2.0,1.25,1.25,3.625,0.0,0.0,0.0,0.0,0.35714285714285715,0.0,0.1,0.1,0.625,5.357142857142857,2.9,0.1111111111111111,0.0,14.0,75.0,14.0,16.0,10.0,10.0,29.0,0.0,14.0,93.0,10.0,38.0,261.0,1.0,5.0,1.0,0.0,0.0,1.0,0.0,1.0,2.0,0.0,0.0,-2.0
d0pe,8.0,1,1,0,1,0,1.0,0.0,1.0,14.0,149.0,13.0,14.0,7.0,13.0,11.0,3.0,14.0,88.0,10.0,36.0,266.0,3.0,2.0,0.0,0.0,0.0,4.0,0.0,4.0,1.0,6.0,0.0,2.0,0.25,0.125,1.75,18.625,1.625,1.75,0.875,1.625,1.375,0.375,1.0,0.21428571428571427,0.07142857142857142,0.14285714285714285,0.0,0.5714285714285714,0.5714285714285714,0.9285714285714286,10.642857142857142,1.5714285714285714,0.041353383458646614,1.0,14.0,149.0,13.0,14.0,7.0,13.0,11.0,3.0,14.0,88.0,10.0,36.0,266.0,3.0,2.0,0.0,0.0,0.0,4.0,0.0,4.0,1.0,6.0,0.0,2.0
Neph,8.0,1,1,0,1,0,1.0,0.0,0.0,4.0,23.0,4.0,6.0,14.0,15.0,97.0,0.0,14.0,46.0,5.0,19.0,281.0,0.0,1.0,0.0,0.0,0.0,1.0,0.0,2.0,2.0,1.0,0.0,2.0,0.25,0.0,0.5,2.875,0.5,0.75,1.75,1.875,12.125,0.0,1.0,0.0,0.0,0.25,0.0,0.07142857142857142,0.14285714285714285,2.5,5.75,6.928571428571429,0.34519572953736655,0.0,4.0,23.0,4.0,6.0,14.0,15.0,97.0,0.0,14.0,46.0,5.0,19.0,281.0,0.0,1.0,0.0,0.0,0.0,1.0,0.0,2.0,2.0,1.0,0.0,2.0
JukeOfEarl,8.0,1,0,1,0,1,0.0,0.0,0.0,11.0,92.0,11.0,14.0,3.0,4.0,21.0,2.0,14.0,76.0,20.0,34.0,266.0,1.0,2.0,0.0,0.0,0.0,0.0,0.0,1.0,3.0,1.0,0.0,-2.0,-0.25,0.0,1.375,11.5,1.375,1.75,0.375,0.5,2.625,0.25,0.0,0.14285714285714285,0.0,0.18181818181818182,0.0,0.0,0.3333333333333333,0.2857142857142857,8.363636363636363,7.0,0.07894736842105263,0.0,11.0,92.0,11.0,14.0,3.0,4.0,21.0,2.0,14.0,76.0,20.0,34.0,266.0,1.0,2.0,0.0,0.0,0.0,0.0,0.0,1.0,3.0,1.0,0.0,-2.0
drewfa,8.0,1,0,1,0,1,0.0,0.0,0.0,9.0,85.0,9.0,10.0,8.0,8.0,70.0,1.0,14.0,82.0,25.0,37.0,266.0,0.0,0.0,0.0,0.0,0.0,3.0,0.0,2.0,1.0,0.0,0.0,-2.0,-0.25,0.0,1.125,10.625,1.125,1.25,1.0,1.0,8.75,0.125,0.0,0.07142857142857142,0.0,0.0,0.0,0.375,0.25,0.8,9.444444444444445,8.75,0.2631578947368421,0.0,9.0,85.0,9.0,10.0,8.0,8.0,70.0,1.0,14.0,82.0,25.0,37.0,266.0,0.0,0.0,0.0,0.0,0.0,3.0,0.0,2.0,1.0,0.0,0.0,-2.0
Israel Lives,8.0,1,1,0,1,0,1.0,0.0,0.0,18.0,133.0,18.0,21.0,2.0,2.0,7.0,0.0,14.0,101.0,0.0,40.0,371.0,1.0,3.0,1.0,0.0,0.0,0.0,0.0,0.0,3.0,0.0,0.0,2.0,0.25,0.0,2.25,16.625,2.25,2.625,0.25,0.25,0.875,0.0,1.0,0.0,0.0,0.16666666666666666,0.0,0.0,0.0,0.09523809523809523,7.388888888888889,3.5,0.018867924528301886,0.0,18.0,133.0,18.0,21.0,2.0,2.0,7.0,0.0,14.0,101.0,0.0,40.0,371.0,1.0,3.0,1.0,0.0,0.0,0.0,0.0,0.0,3.0,0.0,0.0,2.0
Swully,8.0,1,0,1,0,1,0.0,0.0,0.0,5.0,53.0,5.0,8.0,14.0,16.0,49.0,1.0,14.0,41.0,5.0,17.0,375.0,1.0,0.0,0.0,0.0,0.0,3.0,0.0,4.0,3.0,2.0,0.0,-2.0,-0.25,0.0,0.625,6.625,0.625,1.0,1.75,2.0,6.125,0.125,0.0,0.07142857142857142,0.0,0.0,0.0,0.21428571428571427,0.2857142857142857,2.0,10.6,3.5,0.13066666666666665,0.0,5.0,53.0,5.0,8.0,14.0,16.0,49.0,1.0,14.0,41.0,5.0,17.0,375.0,1.0,0.0,0.0,0.0,0.0,3.0,0.0,4.0,3.0,2.0,0.0,-2.0
trash panda,8.0,1,0,1,0,1,0.0,0.0,0.0,5.0,27.0,5.0,10.0,12.0,13.0,42.0,1.0,14.0,93.0,5.0,37.0,375.0,0.0,0.0,1.0,0.0,0.0,1.0,0.0,2.0,5.0,1.0,0.0,-2.0,-0.25,0.0,0.625,3.375,0.625,1.25,1.5,1.625,5.25,0.125,0.0,0.07142857142857142,0.0,0.0,0.0,0.08333333333333333,0.16666666666666666,1.3,5.4,3.5,0.112,0.0,5.0,27.0,5.0,10.0,12.0,13.0,42.0,1.0,14.0,93.0,5.0,37.0,375.0,0.0,0.0,1.0,0.0,0.0,1.0,0.0,2.0,5.0,1.0,0.0,-2.0
tha king,8.0,1,1,0,1,0,1.0,0.0,2.0,9.0,57.0,7.0,10.0,11.0,14.0,87.0,2.0,14.0,75.0,10.0,32.0,266.0,0.0,1.0,0.0,0.0,0.0,6.0,1.0,6.0,3.0,3.0,0.0,2.0,0.25,0.25,1.125,7.125,0.875,1.25,1.375,1.75,10.875,0.25,1.0,0.14285714285714285,0.2222222222222222,0.1111111111111111,0.0,0.5454545454545454,0.5454545454545454,1.4,6.333333333333333,7.909090909090909,0.32706766917293234,2.0,9.0,57.0,7.0,10.0,11.0,14.0,87.0,2.0,14.0,75.0,10.0,32.0,266.0,0.0,1.0,0.0,0.0,0.0,6.0,1.0,6.0,3.0,3.0,0.0,2.0
Kep,8.0,1,0,1,0,1,0.0,0.0,1.0,9.0,75.0,8.0,14.0,7.0,8.0,56.0,2.0,14.0,91.0,10.0,38.0,261.0,2.0,4.0,0.0,0.0,0.0,2.0,1.0,2.0,6.0,1.0,0.0,-2.0,-0.25,0.125,1.125,9.375,1.0,1.75,0.875,1.0,7.0,0.25,0.0,0.14285714285714285,0.1111111111111111,0.4444444444444444,0.0,0.2857142857142857,0.2857142857142857,0.5714285714285714,8.333333333333334,8.0,0.21455938697318008,1.0,9.0,75.0,8.0,14.0,7.0,8.0,56.0,2.0,14.0,91.0,10.0,38.0,261.0,2.0,4.0,0.0,0.0,0.0,2.0,1.0,2.0,6.0,1.0,0.0,-2.0
Tyler Durden,8.0,1,1,0,0,1,0.0,1.0,0.0,10.0,45.0,10.0,13.0,11.0,16.0,52.0,2.0,14.0,88.0,0.0,34.0,291.0,0.0,4.0,2.0,0.0,0.0,3.0,0.0,4.0,3.0,5.0,0.0,2.0,0.25,0.0,1.25,5.625,1.25,1.625,1.375,2.0,6.5,0.25,1.0,0.14285714285714285,0.0,0.4,0.0,0.2727272727272727,0.36363636363636365,1.2307692307692308,4.5,4.7272727272727275,0.17869415807560138,0.0,10.0,45.0,10.0,13.0,11.0,16.0,52.0,2.0,14.0,88.0,0.0,34.0,291.0,0.0,4.0,2.0,0.0,0.0,3.0,0.0,4.0,3.0,5.0,0.0,2.0
Chritt,7.3,1,0,1,1,0,0.0,0.0,2.0,8.0,50.0,6.0,12.0,12.0,12.0,35.0,1.0,14.0,73.0,0.0,28.0,269.0,0.0,1.0,0.0,0.0,1.0,0.0,0.0,1.0,6.0,0.0,0.0,0.0,0.0,0.273972602739726,1.095890410958904,6.8493150684931505,0.8219178082191781,1.6438356164383563,1.6438356164383563,1.6438356164383563,4.794520547945206,0.136986301369863,0.0,0.07142857142857142,0.25,0.125,0.0,0.0,0.08333333333333333,1.0,6.25,2.9166666666666665,0.13011152416356878,2.191780821917808,8.767123287671232,54.794520547945204,6.575342465753425,13.15068493150685,13.15068493150685,13.15068493150685,38.35616438356165,1.095890410958904,15.342465753424658,80.0,0.0,30.684931506849317,294.79452054794524,0.0,1.095890410958904,0.0,0.0,1.095890410958904,0.0,0.0,1.095890410958904,6.575342465753425,0.0,0.0,0.0
twelvefive,7.3,1,0,1,1,0,0.0,0.0,1.0,7.0,57.0,5.0,8.0,6.0,8.0,74.0,3.0,14.0,64.0,25.0,29.0,269.0,0.0,0.0,0.0,0.0,0.0,4.0,0.0,4.0,3.0,2.0,1.0,0.0,0.0,0.136986301369863,0.9589041095890412,7.808219178082192,0.684931506849315,1.095890410958904,0.8219178082191781,1.095890410958904,10.136986301369863,0.4109589041095891,0.0,0.21428571428571427,0.14285714285714285,0.0,0.0,0.6666666666666666,0.6666666666666666,1.0,8.142857142857142,12.333333333333334,0.275092936802974,1.095890410958904,7.671232876712329,62.465753424657535,5.47945205479452,8.767123287671232,6.575342465753425,8.767123287671232,81.0958904109589,3.2876712328767126,15.342465753424658,70.13698630136986,27.397260273972602,31.78082191780822,294.79452054794524,0.0,0.0,0.0,0.0,0.0,4.383561643835616,0.0,4.383561643835616,3.2876712328767126,2.191780821917808,1.095890410958904,0.0
DiegoOnMac,7.3,1,1,0,0,1,0.0,1.0,0.0,15.0,105.0,15.0,18.0,3.0,3.0,3.0,3.0,14.0,103.0,5.0,41.0,306.0,1.0,5.0,3.0,0.0,0.0,0.0,1.0,1.0,3.0,0.0,0.0,0.0,0.0,0.0,2.0547945205479454,14.383561643835616,2.0547945205479454,2.4657534246575343,0.4109589041095891,0.4109589041095891,0.4109589041095891,0.4109589041095891,1.0,0.21428571428571427,0.0,0.3333333333333333,0.0,0.0,0.3333333333333333,0.16666666666666666,7.0,1.0,0.00980392156862745,0.0,16.438356164383563,115.06849315068493,16.438356164383563,19.726027397260275,3.2876712328767126,3.2876712328767126,3.2876712328767126,3.2876712328767126,15.342465753424658,112.87671232876713,5.47945205479452,44.93150684931507,335.3424657534247,1.095890410958904,5.47945205479452,3.2876712328767126,0.0,0.0,0.0,1.095890410958904,1.095890410958904,3.2876712328767126,0.0,0.0,0.0
G.O.A.T.,7.3,1,1,0,0,1,0.0,1.0,1.0,8.0,60.0,7.0,8.0,9.0,10.0,17.0,2.0,14.0,62.0,5.0,25.0,306.0,0.0,2.0,1.0,0.0,0.0,0.0,0.0,0.0,1.0,1.0,0.0,0.0,0.0,0.136986301369863,1.095890410958904,8.219178082191782,0.9589041095890412,1.095890410958904,1.2328767123287672,1.36986301369863,2.328767123287671,0.273972602739726,1.0,0.14285714285714285,0.125,0.25,0.0,0.0,0.0,1.25,7.5,1.8888888888888888,0.05555555555555555,1.095890410958904,8.767123287671232,65.75342465753425,7.671232876712329,8.767123287671232,9.863013698630137,10.95890410958904,18.63013698630137,2.191780821917808,15.342465753424658,67.94520547945206,5.47945205479452,27.397260273972602,335.3424657534247,0.0,2.191780821917808,1.095890410958904,0.0,0.0,0.0,0.0,0.0,1.095890410958904,1.095890410958904,0.0,0.0
long ball,7.3,1,0,1,1,0,0.0,0.0,0.0,10.0,67.0,10.0,12.0,8.0,9.0,26.0,1.0,14.0,67.0,10.0,28.0,269.0,0.0,4.0,2.0,1.0,0.0,1.0,0.0,1.0,2.0,1.0,0.0,0.0,0.0,0.0,1.36986301369863,9.178082191780822,1.36986301369863,1.6438356164383563,1.095890410958904,1.2328767123287672,3.5616438356164384,0.136986301369863,0.0,0.07142857142857142,0.0,0.4,0.5,0.125,0.125,0.75,6.7,3.25,0.09665427509293681,0.0,10.95890410958904,73.42465753424658,10.95890410958904,13.15068493150685,8.767123287671232,9.863013698630137,28.493150684931507,1.095890410958904,15.342465753424658,73.42465753424658,10.95890410958904,30.684931506849317,294.79452054794524,0.0,4.383561643835616,2.191780821917808,1.095890410958904,0.0,1.095890410958904,0.0,1.095890410958904,2.191780821917808,1.095890410958904,0.0,0.0
Anti_Social,7.1,1,0,1,0,1,0.0,0.0,1.0,4.0,47.0,3.0,9.0,9.0,11.0,46.0,1.0,14.0,60.0,0.0,24.0,284.0,1.0,1.0,0.0,0.0,0.0,4.0,0.0,4.0,6.0,2.0,0.0,-5.0,-0.7042253521126761,0.14084507042253522,0.5633802816901409,6.619718309859155,0.4225352112676057,1.267605633802817,1.267605633802817,1.5492957746478875,6.47887323943662,0.14084507042253522,0.0,0.07142857142857142,0.25,0.25,0.0,0.4444444444444444,0.4444444444444444,1.2222222222222223,11.75,5.111111111111111,0.1619718309859155,1.1267605633802817,4.507042253521127,52.95774647887324,3.3802816901408455,10.140845070422536,10.140845070422536,12.3943661971831,51.83098591549296,1.1267605633802817,15.774647887323944,67.60563380281691,0.0,27.042253521126764,320.0,1.1267605633802817,1.1267605633802817,0.0,0.0,0.0,4.507042253521127,0.0,4.507042253521127,6.760563380281691,2.2535211267605635,0.0,-5.633802816901409
cantab,7.1,1,0,1,0,1,0.0,0.0,1.0,10.0,64.0,9.0,12.0,8.0,11.0,18.0,0.0,14.0,65.0,30.0,32.0,284.0,1.0,4.0,1.0,1.0,0.0,3.0,0.0,3.0,3.0,3.0,0.0,-5.0,-0.7042253521126761,0.14084507042253522,1.4084507042253522,9.014084507042254,1.267605633802817,1.6901408450704227,1.1267605633802817,1.5492957746478875,2.535211267605634,0.0,0.0,0.0,0.1,0.4,1.0,0.375,0.375,0.9166666666666666,6.4,2.25,0.06338028169014084,1.1267605633802817,11.267605633802818,72.11267605633803,10.140845070422536,13.521126760563382,9.014084507042254,12.3943661971831,20.281690140845072,0.0,15.774647887323944,73.23943661971832,33.802816901408455,36.056338028169016,320.0,1.1267605633802817,4.507042253521127,1.1267605633802817,1.1267605633802817,0.0,3.3802816901408455,0.0,3.3802816901408455,3.3802816901408455,3.3802816901408455,0.0,-5.633802816901409
garet,7.1,1,1,0,1,0,1.0,0.0,0.0,6.0,51.0,6.0,10.0,10.0,12.0,86.0,2.0,14.0,56.0,5.0,23.0,227.0,0.0,2.0,0.0,0.0,0.0,7.0,0.0,7.0,4.0,2.0,0.0,5.0,0.7042253521126761,0.0,0.8450704225352114,7.183098591549296,0.8450704225352114,1.4084507042253522,1.4084507042253522,1.6901408450704227,12.112676056338028,0.28169014084507044,1.0,0.14285714285714285,0.0,0.3333333333333333,0.0,0.7,0.7,1.2,8.5,8.6,0.3788546255506608,0.0,6.760563380281691,57.46478873239437,6.760563380281691,11.267605633802818,11.267605633802818,13.521126760563382,96.90140845070422,2.2535211267605635,15.774647887323944,63.098591549295776,5.633802816901409,25.91549295774648,255.77464788732397,0.0,2.2535211267605635,0.0,0.0,0.0,7.887323943661972,0.0,7.887323943661972,4.507042253521127,2.2535211267605635,0.0,5.633802816901409
Ragnar,6.4,1,1,0,0,1,0.0,1.0,1.0,6.0,95.0,5.0,10.0,6.0,9.0,18.0,4.0,12.0,71.0,5.0,29.0,232.0,1.0,0.0,0.0,0.0,0.0,1.0,1.0,1.0,5.0,3.0,0.0,5.0,0.78125,0.15625,0.9375,14.84375,0.78125,1.5625,0.9375,1.40625,2.8125,0.625,1.0,0.3333333333333333,0.16666666666666666,0.0,0.0,0.16666666666666666,0.16666666666666666,0.9,15.833333333333334,3.0,0.07758620689655173,1.25,7.5,118.75,6.25,12.5,7.5,11.25,22.5,5.0,15.0,88.75,6.25,36.25,290.0,1.25,0.0,0.0,0.0,0.0,1.25,1.25,1.25,6.25,3.75,0.0,6.25
Thermostat,6.4,1,1,0,0,1,0.0,1.0,1.0,8.0,68.0,7.0,9.0,7.0,10.0,25.0,2.0,12.0,70.0,5.0,29.0,232.0,0.0,0.0,0.0,0.0,0.0,2.0,1.0,2.0,2.0,3.0,0.0,5.0,0.78125,0.15625,1.25,10.625,1.09375,1.40625,1.09375,1.5625,3.90625,0.3125,1.0,0.16666666666666666,0.125,0.0,0.0,0.2857142857142857,0.2857142857142857,1.1111111111111112,8.5,3.5714285714285716,0.10775862068965517,1.25,10.0,85.0,8.75,11.25,8.75,12.5,31.25,2.5,15.0,87.5,6.25,36.25,290.0,0.0,0.0,0.0,0.0,0.0,2.5,1.25,2.5,2.5,3.75,0.0,6.25
Rayn,6.4,1,0,1,1,0,0.0,0.0,0.0,9.0,48.0,9.0,9.0,5.0,6.0,7.0,2.0,12.0,89.0,15.0,37.0,306.0,0.0,3.0,1.0,0.0,0.0,0.0,0.0,0.0,0.0,1.0,0.0,-5.0,-0.78125,0.0,1.40625,7.5,1.40625,1.40625,0.78125,0.9375,1.09375,0.3125,0.0,0.16666666666666666,0.0,0.3333333333333333,0.0,0.0,0.0,0.6666666666666666,5.333333333333333,1.4,0.02287581699346405,0.0,11.25,60.0,11.25,11.25,6.25,7.5,8.75,2.5,15.0,111.25,18.75,46.25,382.5,0.0,3.75,1.25,0.0,0.0,0.0,0.0,0.0,0.0,1.25,0.0,-6.25
Wegon Windis,6.4,1,1,0,0,1,0.0,1.0,1.0,7.0,89.0,6.0,8.0,14.0,14.0,76.0,1.0,12.0,70.0,10.0,30.0,232.0,1.0,1.0,0.0,0.0,0.0,6.0,0.0,5.0,2.0,0.0,0.0,5.0,0.78125,0.15625,1.09375,13.90625,0.9375,1.25,2.1875,2.1875,11.875,0.15625,1.0,0.08333333333333333,0.14285714285714285,0.14285714285714285,0.0,0.42857142857142855,0.35714285714285715,1.75,12.714285714285714,5.428571428571429,0.3275862068965517,1.25,8.75,111.25,7.5,10.0,17.5,17.5,95.0,1.25,15.0,87.5,12.5,37.5,290.0,1.25,1.25,0.0,0.0,0.0,7.5,0.0,6.25,2.5,0.0,0.0,6.25
alan ball,6.4,1,0,1,1,0,0.0,0.0,0.0,9.0,62.0,9.0,14.0,7.0,8.0,25.0,0.0,12.0,71.0,10.0,30.0,306.0,0.0,0.0,0.0,0.0,0.0,1.0,0.0,2.0,5.0,1.0,0.0,-5.0,-0.78125,0.0,1.40625,9.6875,1.40625,2.1875,1.09375,1.25,3.90625,0.0,0.0,0.0,0.0,0.0,0.0,0.14285714285714285,0.2857142857142857,0.5714285714285714,6.888888888888889,3.5714285714285716,0.08169934640522876,0.0,11.25,77.5,11.25,17.5,8.75,10.0,31.25,0.0,15.0,88.75,12.5,37.5,382.5,0.0,0.0,0.0,0.0,0.0,1.25,0.0,2.5,6.25,1.25,0.0,-6.25
i am zeus,6.4,1,0,1,1,0,0.0,0.0,0.0,14.0,116.0,14.0,16.0,6.0,8.0,10.0,0.0,12.0,75.0,10.0,32.0,306.0,1.0,4.0,2.0,0.0,0.0,0.0,0.0,1.0,2.0,2.0,0.0,-5.0,-0.78125,0.0,2.1875,18.125,2.1875,2.5,0.9375,1.25,1.5625,0.0,0.0,0.0,0.0,0.2857142857142857,0.0,0.0,0.16666666666666666,0.5,8.285714285714286,1.6666666666666667,0.032679738562091505,0.0,17.5,145.0,17.5,20.0,7.5,10.0,12.5,0.0,15.0,93.75,12.5,40.0,382.5,1.25,5.0,2.5,0.0,0.0,0.0,0.0,1.25,2.5,2.5,0.0,-6.25
DEAD NAN,5.8,1,1,0,0,1,0.0,1.0,1.0,4.0,115.0,3.0,4.0,9.0,11.0,82.0,1.0,10.0,30.0,3.0,12.0,175.0,2.0,0.0,0.0,0.0,0.0,6.0,0.0,6.0,1.0,2.0,0.0,5.0,0.8620689655172414,0.1724137931034483,0.6896551724137931,19.82758620689655,0.5172413793103449,0.6896551724137931,1.5517241379310345,1.896551724137931,14.13793103448276,0.1724137931034483,1.0,0.1,0.25,0.0,0.0,0.6666666666666666,0.6666666666666666,2.75,28.75,9.11111111111111,0.4685714285714286,1.3793103448275863,5.517241379310345,158.6206896551724,4.137931034482759,5.517241379310345,12.413793103448276,15.172413793103448,113.10344827586208,1.3793103448275863,13.793103448275863,41.37931034482759,4.137931034482759,16.551724137931036,241.3793103448276,2.7586206896551726,0.0,0.0,0.0,0.0,8.275862068965518,0.0,8.275862068965518,1.3793103448275863,2.7586206896551726,0.0,6.8965517241379315
anom,5.8,1,0,1,1,0,0.0,0.0,0.0,8.0,25.0,8.0,11.0,6.0,8.0,45.0,0.0,10.0,52.0,0.0,20.0,208.0,0.0,4.0,1.0,0.0,0.0,1.0,1.0,1.0,3.0,2.0,0.0,-5.0,-0.8620689655172414,0.0,1.3793103448275863,4.310344827586207,1.3793103448275863,1.896551724137931,1.0344827586206897,1.3793103448275863,7.758620689655173,0.0,0.0,0.0,0.0,0.5,0.0,0.16666666666666666,0.16666666666666666,0.7272727272727273,3.125,7.5,0.21634615384615385,0.0,11.03448275862069,34.48275862068966,11.03448275862069,15.172413793103448,8.275862068965518,11.03448275862069,62.06896551724138,0.0,13.793103448275863,71.72413793103449,0.0,27.586206896551726,286.89655172413796,0.0,5.517241379310345,1.3793103448275863,0.0,0.0,1.3793103448275863,1.3793103448275863,1.3793103448275863,4.137931034482759,2.7586206896551726,0.0,-6.8965517241379315
Trapsin,5.8,1,0,1,1,0,0.0,0.0,2.0,9.0,67.0,7.0,9.0,2.0,3.0,30.0,1.0,10.0,40.0,5.0,17.0,208.0,1.0,3.0,1.0,1.0,0.0,0.0,0.0,0.0,2.0,1.0,0.0,-5.0,-0.8620689655172414,0.3448275862068966,1.5517241379310345,11.551724137931036,1.206896551724138,1.5517241379310345,0.3448275862068966,0.5172413793103449,5.172413793103448,0.1724137931034483,0.0,0.1,0.2222222222222222,0.3333333333333333,1.0,0.0,0.0,0.3333333333333333,7.444444444444445,15.0,0.14423076923076922,2.7586206896551726,12.413793103448276,92.41379310344828,9.655172413793103,12.413793103448276,2.7586206896551726,4.137931034482759,41.37931034482759,1.3793103448275863,13.793103448275863,55.17241379310345,6.8965517241379315,23.448275862068968,286.89655172413796,1.3793103448275863,4.137931034482759,1.3793103448275863,1.3793103448275863,0.0,0.0,0.0,0.0,2.7586206896551726,1.3793103448275863,0.0,-6.8965517241379315
CatPuke,5.8,1,0,1,1,0,0.0,0.0,0.0,8.0,45.0,8.0,10.0,2.0,2.0,7.0,2.0,10.0,71.0,5.0,29.0,208.0,1.0,4.0,2.0,1.0,0.0,0.0,0.0,0.0,2.0,0.0,0.0,-5.0,-0.8620689655172414,0.0,1.3793103448275863,7.758620689655173,1.3793103448275863,1.7241379310344829,0.3448275862068966,0.3448275862068966,1.206896551724138,0.3448275862068966,0.0,0.2,0.0,0.5,0.5,0.0,0.0,0.2,5.625,3.5,0.03365384615384615,0.0,11.03448275862069,62.06896551724138,11.03448275862069,13.793103448275863,2.7586206896551726,2.7586206896551726,9.655172413793103,2.7586206896551726,13.793103448275863,97.93103448275862,6.8965517241379315,40.0,286.89655172413796,1.3793103448275863,5.517241379310345,2.7586206896551726,1.3793103448275863,0.0,0.0,0.0,0.0,2.7586206896551726,0.0,0.0,-6.8965517241379315
AdmaniaYT,5.8,1,1,0,0,1,0.0,1.0,4.0,8.0,47.0,4.0,5.0,7.0,11.0,86.0,1.0,10.0,45.0,0.0,18.0,175.0,0.0,2.0,1.0,0.0,0.0,5.0,0.0,5.0,1.0,4.0,0.0,5.0,0.8620689655172414,0.6896551724137931,1.3793103448275863,8.10344827586207,0.6896551724137931,0.8620689655172414,1.206896551724138,1.896551724137931,14.827586206896552,0.1724137931034483,1.0,0.1,0.5,0.25,0.0,0.7142857142857143,0.7142857142857143,2.2,5.875,12.285714285714286,0.49142857142857144,5.517241379310345,11.03448275862069,64.82758620689656,5.517241379310345,6.8965517241379315,9.655172413793103,15.172413793103448,118.62068965517241,1.3793103448275863,13.793103448275863,62.06896551724138,0.0,24.82758620689655,241.3793103448276,0.0,2.7586206896551726,1.3793103448275863,0.0,0.0,6.8965517241379315,0.0,6.8965517241379315,1.3793103448275863,5.517241379310345,0.0,6.8965517241379315
LewBird,5.4,1,1,0,1,0,1.0,0.0,0.0,6.0,23.0,6.0,11.0,9.0,9.0,75.0,2.0,10.0,57.0,0.0,22.0,103.0,0.0,5.0,1.0,0.0,0.0,3.0,1.0,4.0,5.0,0.0,0.0,5.0,0.9259259259259258,0.0,1.111111111111111,4.259259259259259,1.111111111111111,2.0370370370370368,1.6666666666666665,1.6666666666666665,13.888888888888888,0.37037037037037035,1.0,0.2,0.0,0.8333333333333334,0.0,0.3333333333333333,0.4444444444444444,0.8181818181818182,3.8333333333333335,8.333333333333334,0.7281553398058253,0.0,8.888888888888888,34.07407407407407,8.888888888888888,16.296296296296294,13.333333333333332,13.333333333333332,111.1111111111111,2.962962962962963,14.814814814814813,84.44444444444444,0.0,32.59259259259259,152.59259259259258,0.0,7.4074074074074066,1.4814814814814814,0.0,0.0,4.444444444444444,1.4814814814814814,5.925925925925926,7.4074074074074066,0.0,0.0,7.4074074074074066
Witcher,5.4,1,1,0,1,0,1.0,0.0,2.0,5.0,12.0,3.0,6.0,3.0,4.0,53.0,2.0,10.0,45.0,10.0,20.0,103.0,0.0,2.0,1.0,1.0,1.0,1.0,0.0,1.0,3.0,1.0,0.0,5.0,0.9259259259259258,0.37037037037037035,0.9259259259259258,2.222222222222222,0.5555555555555555,1.111111111111111,0.5555555555555555,0.7407407407407407,9.814814814814815,0.37037037037037035,1.0,0.2,0.4,0.4,1.0,0.3333333333333333,0.3333333333333333,0.6666666666666666,2.4,17.666666666666668,0.5145631067961165,2.962962962962963,7.4074074074074066,17.777777777777775,4.444444444444444,8.888888888888888,4.444444444444444,5.925925925925926,78.51851851851852,2.962962962962963,14.814814814814813,66.66666666666666,14.814814814814813,29.629629629629626,152.59259259259258,0.0,2.962962962962963,1.4814814814814814,1.4814814814814814,1.4814814814814814,1.4814814814814814,0.0,1.4814814814814814,4.444444444444444,1.4814814814814814,0.0,7.4074074074074066
Roxas,5.4,1,0,1,0,1,0.0,0.0,0.0,4.0,9.0,4.0,5.0,5.0,8.0,66.0,2.0,10.0,54.0,5.0,21.0,109.0,0.0,2.0,1.0,0.0,0.0,3.0,0.0,3.0,1.0,3.0,0.0,-5.0,-0.9259259259259258,0.0,0.7407407407407407,1.6666666666666665,0.7407407407407407,0.9259259259259258,0.9259259259259258,1.4814814814814814,12.222222222222221,0.37037037037037035,0.0,0.2,0.0,0.5,0.0,0.6,0.6,1.6,2.25,13.2,0.6055045871559633,0.0,5.925925925925926,13.333333333333332,5.925925925925926,7.4074074074074066,7.4074074074074066,11.851851851851851,97.77777777777777,2.962962962962963,14.814814814814813,80.0,7.4074074074074066,31.11111111111111,161.48148148148147,0.0,2.962962962962963,1.4814814814814814,0.0,0.0,4.444444444444444,0.0,4.444444444444444,1.4814814814814814,4.444444444444444,0.0,-7.4074074074074066
BaII,4.0,1,1,0,1,0,1.0,0.0,0.0,4.0,19.0,4.0,6.0,3.0,6.0,25.0,2.0,6.0,31.0,5.0,13.0,95.0,0.0,2.0,0.0,0.0,0.0,0.0,1.0,0.0,2.0,3.0,0.0,5.0,1.25,0.0,1.0,4.75,1.0,1.5,0.75,1.5,6.25,0.5,1.0,0.3333333333333333,0.0,0.5,0.0,0.0,0.0,1.0,4.75,8.333333333333334,0.2631578947368421,0.0,8.0,38.0,8.0,12.0,6.0,12.0,50.0,4.0,12.0,62.0,10.0,26.0,190.0,0.0,4.0,0.0,0.0,0.0,0.0,2.0,0.0,4.0,6.0,0.0,10.0
Exsufflicate,4.0,1,1,0,1,0,1.0,0.0,3.0,5.0,31.0,2.0,3.0,7.0,9.0,76.0,1.0,6.0,14.0,0.0,4.0,95.0,0.0,0.0,0.0,0.0,0.0,2.0,0.0,3.0,1.0,2.0,0.0,5.0,1.25,0.75,1.25,7.75,0.5,0.75,1.75,2.25,19.0,0.25,1.0,0.16666666666666666,0.6,0.0,0.0,0.2857142857142857,0.42857142857142855,3.0,6.2,10.857142857142858,0.8,6.0,10.0,62.0,4.0,6.0,14.0,18.0,152.0,2.0,12.0,28.0,0.0,8.0,190.0,0.0,0.0,0.0,0.0,0.0,4.0,0.0,6.0,2.0,4.0,0.0,10.0
Gamepad God,4.0,1,1,0,1,0,1.0,0.0,2.0,4.0,36.0,2.0,3.0,12.0,12.0,67.0,1.0,6.0,27.0,0.0,10.0,95.0,0.0,1.0,1.0,1.0,0.0,9.0,0.0,8.0,1.0,0.0,0.0,5.0,1.25,0.5,1.0,9.0,0.5,0.75,3.0,3.0,16.75,0.25,1.0,0.16666666666666666,0.5,0.25,1.0,0.75,0.6666666666666666,4.0,9.0,5.583333333333333,0.7052631578947368,4.0,8.0,72.0,4.0,6.0,24.0,24.0,134.0,2.0,12.0,54.0,0.0,20.0,190.0,0.0,2.0,2.0,2.0,0.0,18.0,0.0,16.0,2.0,0.0,0.0,10.0
supergremlin,4.0,1,1,0,1,0,1.0,0.0,1.0,6.0,43.0,5.0,8.0,2.0,3.0,24.0,0.0,6.0,46.0,15.0,21.0,95.0,1.0,1.0,0.0,0.0,0.0,0.0,1.0,0.0,3.0,1.0,0.0,5.0,1.25,0.25,1.5,10.75,1.25,2.0,0.5,0.75,6.0,0.0,1.0,0.0,0.16666666666666666,0.16666666666666666,0.0,0.0,0.0,0.375,7.166666666666667,12.0,0.25263157894736843,2.0,12.0,86.0,10.0,16.0,4.0,6.0,48.0,0.0,12.0,92.0,30.0,42.0,190.0,2.0,2.0,0.0,0.0,0.0,0.0,2.0,0.0,6.0,2.0,0.0,10.0
I <3 Emacs,4.0,1,0,1,0,1,0.0,0.0,0.0,5.0,23.0,5.0,8.0,2.0,7.0,22.0,1.0,6.0,25.0,3.0,10.0,129.0,0.0,2.0,0.0,0.0,0.0,1.0,0.0,2.0,3.0,5.0,0.0,-5.0,-1.25,0.0,1.25,5.75,1.25,2.0,0.5,1.75,5.5,0.25,0.0,0.16666666666666666,0.0,0.4,0.0,0.5,1.0,0.875,4.6,11.0,0.17054263565891473,0.0,10.0,46.0,10.0,16.0,4.0,14.0,44.0,2.0,12.0,50.0,6.0,20.0,258.0,0.0,4.0,0.0,0.0,0.0,2.0,0.0,4.0,6.0,10.0,0.0,-10.0
Marijuana,4.0,1,0,1,0,1,0.0,0.0,0.0,6.0,10.0,6.0,9.0,3.0,3.0,26.0,1.0,6.0,30.0,0.0,12.0,129.0,0.0,5.0,4.0,0.0,0.0,0.0,0.0,0.0,3.0,0.0,0.0,-5.0,-1.25,0.0,1.5,2.5,1.5,2.25,0.75,0.75,6.5,0.25,0.0,0.16666666666666666,0.0,0.8333333333333334,0.0,0.0,0.0,0.3333333333333333,1.6666666666666667,8.666666666666666,0.20155038759689922,0.0,12.0,20.0,12.0,18.0,6.0,6.0,52.0,2.0,12.0,60.0,0.0,24.0,258.0,0.0,10.0,8.0,0.0,0.0,0.0,0.0,0.0,6.0,0.0,0.0,-10.0
Snekster,4.0,1,0,1,0,1,0.0,0.0,0.0,6.0,26.0,6.0,9.0,2.0,3.0,13.0,0.0,6.0,35.0,5.0,15.0,129.0,0.0,2.0,0.0,0.0,0.0,0.0,0.0,0.0,3.0,1.0,0.0,-5.0,-1.25,0.0,1.5,6.5,1.5,2.25,0.5,0.75,3.25,0.0,0.0,0.0,0.0,0.3333333333333333,0.0,0.0,0.0,0.3333333333333333,4.333333333333333,6.5,0.10077519379844961,0.0,12.0,52.0,12.0,18.0,4.0,6.0,26.0,0.0,12.0,70.0,10.0,30.0,258.0,0.0,4.0,0.0,0.0,0.0,0.0,0.0,0.0,6.0,2.0,0.0,-10.0
nightball,4.0,1,0,1,0,1,0.0,0.0,1.0,9.0,36.0,8.0,10.0,5.0,5.0,24.0,0.0,6.0,42.0,5.0,17.0,129.0,0.0,3.0,0.0,0.0,0.0,2.0,0.0,1.0,2.0,0.0,0.0,-5.0,-1.25,0.25,2.25,9.0,2.0,2.5,1.25,1.25,6.0,0.0,0.0,0.0,0.1111111111111111,0.3333333333333333,0.0,0.4,0.2,0.5,4.0,4.8,0.18604651162790697,2.0,18.0,72.0,16.0,20.0,10.0,10.0,48.0,0.0,12.0,84.0,10.0,34.0,258.0,0.0,6.0,0.0,0.0,0.0,4.0,0.0,2.0,4.0,0.0,0.0,-10.0
Beach,2.6,1,0,1,0,1,0.0,0.0,0.0,2.0,2.0,2.0,4.0,1.0,1.0,5.0,0.0,4.0,25.0,0.0,10.0,76.0,0.0,2.0,0.0,0.0,0.0,1.0,0.0,1.0,2.0,0.0,0.0,-5.0,-1.923076923076923,0.0,0.7692307692307692,0.7692307692307692,0.7692307692307692,1.5384615384615383,0.3846153846153846,0.3846153846153846,1.923076923076923,0.0,0.0,0.0,0.0,1.0,0.0,1.0,1.0,0.25,1.0,5.0,0.06578947368421052,0.0,6.153846153846153,6.153846153846153,6.153846153846153,12.307692307692307,3.0769230769230766,3.0769230769230766,15.384615384615383,0.0,12.307692307692307,76.92307692307692,0.0,30.769230769230766,233.84615384615384,0.0,6.153846153846153,0.0,0.0,0.0,3.0769230769230766,0.0,3.0769230769230766,6.153846153846153,0.0,0.0,-15.384615384615383
cw,2.6,1,1,0,1,0,1.0,0.0,0.0,2.0,15.0,2.0,3.0,2.0,5.0,71.0,2.0,4.0,30.0,5.0,13.0,33.0,0.0,1.0,1.0,0.0,0.0,2.0,0.0,2.0,1.0,3.0,0.0,5.0,1.923076923076923,0.0,0.7692307692307692,5.769230769230769,0.7692307692307692,1.1538461538461537,0.7692307692307692,1.923076923076923,27.307692307692307,0.7692307692307692,1.0,0.5,0.0,0.5,0.0,1.0,1.0,1.6666666666666667,7.5,35.5,2.1515151515151514,0.0,6.153846153846153,46.15384615384615,6.153846153846153,9.23076923076923,6.153846153846153,15.384615384615383,218.46153846153845,6.153846153846153,12.307692307692307,92.3076923076923,15.384615384615383,40.0,101.53846153846153,0.0,3.0769230769230766,3.0769230769230766,0.0,0.0,6.153846153846153,0.0,6.153846153846153,3.0769230769230766,9.23076923076923,0.0,15.384615384615383
555555555555,2.6,1,1,0,1,0,1.0,0.0,0.0,0.0,0.0,0.0,1.0,5.0,6.0,91.0,0.0,4.0,20.0,3.0,8.0,33.0,0.0,0.0,0.0,0.0,0.0,3.0,0.0,3.0,1.0,1.0,0.0,5.0,1.923076923076923,0.0,0.0,0.0,0.0,0.3846153846153846,1.923076923076923,2.3076923076923075,35.0,0.0,1.0,0.0,0.0,0.0,0.0,0.6,0.6,6.0,0.0,18.2,2.757575757575758,0.0,0.0,0.0,0.0,3.0769230769230766,15.384615384615383,18.46153846153846,280.0,0.0,12.307692307692307,61.53846153846153,9.23076923076923,24.615384615384613,101.53846153846153,0.0,0.0,0.0,0.0,0.0,9.23076923076923,0.0,9.23076923076923,3.0769230769230766,3.0769230769230766,0.0,15.384615384615383
icancountto3,2.6,1,0,1,0,1,0.0,0.0,0.0,4.0,11.0,4.0,6.0,4.0,4.0,4.0,0.0,4.0,15.0,0.0,6.0,76.0,0.0,3.0,1.0,0.0,0.0,1.0,0.0,1.0,2.0,0.0,0.0,-5.0,-1.923076923076923,0.0,1.5384615384615383,4.230769230769231,1.5384615384615383,2.3076923076923075,1.5384615384615383,1.5384615384615383,1.5384615384615383,0.0,0.0,0.0,0.0,0.75,0.0,0.25,0.25,0.6666666666666666,2.75,1.0,0.05263157894736842,0.0,12.307692307692307,33.84615384615385,12.307692307692307,18.46153846153846,12.307692307692307,12.307692307692307,12.307692307692307,0.0,12.307692307692307,46.15384615384615,0.0,18.46153846153846,233.84615384615384,0.0,9.23076923076923,3.0769230769230766,0.0,0.0,3.0769230769230766,0.0,3.0769230769230766,6.153846153846153,0.0,0.0,-15.384615384615383
greenfish,2.6,1,1,0,1,0,1.0,0.0,2.0,5.0,29.0,3.0,6.0,2.0,2.0,12.0,0.0,4.0,25.0,0.0,10.0,33.0,0.0,1.0,1.0,0.0,1.0,1.0,0.0,0.0,3.0,0.0,0.0,5.0,1.923076923076923,0.7692307692307692,1.923076923076923,11.153846153846153,1.1538461538461537,2.3076923076923075,0.7692307692307692,0.7692307692307692,4.615384615384615,0.0,1.0,0.0,0.4,0.2,0.0,0.5,0.0,0.3333333333333333,5.8,6.0,0.36363636363636365,6.153846153846153,15.384615384615383,89.23076923076923,9.23076923076923,18.46153846153846,6.153846153846153,6.153846153846153,36.92307692307692,0.0,12.307692307692307,76.92307692307692,0.0,30.769230769230766,101.53846153846153,0.0,3.0769230769230766,3.0769230769230766,0.0,3.0769230769230766,3.0769230769230766,0.0,0.0,9.23076923076923,0.0,0.0,15.384615384615383
what!?!?,2.6,1,1,0,1,0,1.0,0.0,3.0,7.0,32.0,4.0,6.0,1.0,3.0,11.0,0.0,4.0,15.0,0.0,6.0,33.0,0.0,1.0,0.0,0.0,0.0,1.0,0.0,1.0,2.0,2.0,0.0,5.0,1.923076923076923,1.1538461538461537,2.692307692307692,12.307692307692307,1.5384615384615383,2.3076923076923075,0.3846153846153846,1.1538461538461537,4.230769230769231,0.0,1.0,0.0,0.42857142857142855,0.14285714285714285,0.0,1.0,1.0,0.5,4.571428571428571,11.0,0.3333333333333333,9.23076923076923,21.538461538461537,98.46153846153845,12.307692307692307,18.46153846153846,3.0769230769230766,9.23076923076923,33.84615384615385,0.0,12.307692307692307,46.15384615384615,0.0,18.46153846153846,101.53846153846153,0.0,3.0769230769230766,0.0,0.0,0.0,3.0769230769230766,0.0,3.0769230769230766,6.153846153846153,6.153846153846153,0.0,15.384615384615383
SomeBall41,2.1,1,0,1,0,1,0.0,0.0,0.0,3.0,19.0,3.0,4.0,1.0,2.0,30.0,1.0,4.0,24.0,0.0,8.0,76.0,0.0,1.0,0.0,0.0,0.0,1.0,0.0,1.0,1.0,1.0,0.0,-2.0,-0.9523809523809523,0.0,1.4285714285714286,9.047619047619047,1.4285714285714286,1.9047619047619047,0.47619047619047616,0.9523809523809523,14.285714285714285,0.47619047619047616,0.0,0.25,0.0,0.3333333333333333,0.0,1.0,1.0,0.5,6.333333333333333,30.0,0.39473684210526316,0.0,11.428571428571429,72.38095238095238,11.428571428571429,15.238095238095237,3.8095238095238093,7.619047619047619,114.28571428571428,3.8095238095238093,15.238095238095237,91.42857142857143,0.0,30.476190476190474,289.5238095238095,0.0,3.8095238095238093,0.0,0.0,0.0,3.8095238095238093,0.0,3.8095238095238093,3.8095238095238093,3.8095238095238093,0.0,-7.619047619047619
