Player,Minutes,Games,Wins,Losses,Win %,Red Games,Blue Games,Red Wins,Blue Wins,Red Win %,Blue Win %,Captures,Grabs,Hold,Drops,Pops,Returns,Tags,Prevent,Pups,Pups Available,Block,Button,Support,Hold Against,Long Holds,Flaccids,Handoffs,Good Handoffs,Captures off Handoffs,Quick Returns,Key Returns,Returns in Base,NDPops,NRTags,KF,CD,CD/Min,Caps/Min,Grabs/Min,Hold/Min,Drops/Min,Pops/Min,Returns/Min,Tags/Min,Prevent/Min,Pups/Min,Pup %,Score %,Flaccid %,Chain %,QR %,RIB %,K/D,Hold/Grab,Prevent/Return,Prevent/Hold Against,Captures/8Min,Grabs/8Min,Hold/8Min,Drops/8Min,Pops/8Min,Returns/8Min,Tags/8Min,Prevent/8Min,Pups/8Min,Pups Available/8Min,Block/8Min,Button/8Min,Support/8Min,Hold Against/8Min,Long Holds/8Min,Flaccids/8Min,Handoffs/8Min,Good Handoffs/8Min,Captures off Handoffs/8Min,Quick Returns/8Min,Key Returns/8Min,Returns in Base/8Min,NDPops/8Min,NRTags/8Min,KF/8Min,CD/8Min
Blue,551.1,76,32,44,0.42105263157894735,0,76,0,32,0.0,0.42105263157894735,54.0,720.0,5210.0,660.0,785.0,589.0,716.0,3119.0,186.0,1448.0,5867.0,0.0,2296.0,21144.0,49.0,184.0,79.0,37.0,4.0,137.0,34.0,182.0,125.0,127.0,6.0,-39.0,-0.07076755579749591,0.0979858464888405,1.3064779531845399,9.453819633460352,1.1976047904191616,1.4244238795136999,1.0687715478134638,1.2992197423335148,5.659589911086917,0.12845303867403315,0.12845303867403315,0.075,0.25555555555555554,0.05138888888888889,0.23259762308998302,0.3089983022071307,0.9121019108280255,7.236111111111111,5.2954159592529715,0.14751229663261445,0.783886771910724,10.451823625476319,75.63055706768282,9.580838323353293,11.395391036109599,8.55017238250771,10.393757938668118,45.27671928869533,2.7000544365813828,21.019778624569042,85.16784612592996,0.0,33.32970422790782,306.93522046815457,0.7113046634004717,2.6710215931772816,1.146797314461985,0.5371076029758665,0.058065686808201775,1.9887497731809107,0.4935583378697151,2.641988749773181,1.8145527127563055,1.8435855561604064,0.08709853021230267,-0.5661404463799673
Red,549.7,76,44,32,0.5789473684210527,76,0,44,0,0.5789473684210527,0.0,64.0,675.0,5286.0,601.0,744.0,653.0,768.0,2788.0,176.0,1448.0,5408.0,0.0,2114.0,20840.0,53.0,141.0,74.0,33.0,4.0,182.0,30.0,209.0,143.0,115.0,10.0,39.0,0.07094778970347462,0.11642714207749681,1.2279425140985991,9.616154265963251,1.0933236310714936,1.3534655266509004,1.1879206840094596,1.3971257049299617,5.0718573767509545,0.12154696132596685,0.12154696132596685,0.09481481481481481,0.2088888888888889,0.04888888888888889,0.2787136294027565,0.32006125574272587,1.032258064516129,7.831111111111111,4.269525267993874,0.13378119001919386,0.9314171366199745,9.823540112788793,76.92923412770601,8.746589048571948,10.827724213207203,9.503365472075677,11.177005639439693,40.574859014007636,2.56139712570493,21.073312716026923,78.70474804438784,0.0,30.765872293978532,303.2927051118792,0.7713298162634163,2.0520283791158813,1.0769510642168454,0.48026196106967434,0.058213571038748406,2.648717482263052,0.436601782790613,3.041659086774604,2.0811351646352554,1.6736401673640167,0.145533927596871,0.567582317627797
BallsToYou.,24.9,4,2,2,0.5,2,2,1,1,0.5,0.5,6.0,50.0,373.0,44.0,46.0,24.0,32.0,55.0,13.0,63.0,328.0,0.0,128.0,930.0,5.0,14.0,3.0,0.0,0.0,7.0,0.0,7.0,2.0,8.0,0.0,3.0,0.12048192771084339,0.24096385542168677,2.0080321285140563,14.979919678714861,1.7670682730923695,1.8473895582329318,0.9638554216867471,1.285140562248996,2.208835341365462,0.20634920634920634,0.20634920634920634,0.12,0.28,0.0,0.2916666666666667,0.2916666666666667,0.6956521739130435,7.46,2.2916666666666665,0.05913978494623656,1.9277108433734942,16.06425702811245,119.83935742971889,14.136546184738956,14.779116465863455,7.710843373493977,10.281124497991968,17.670682730923694,4.176706827309237,20.240963855421686,105.38152610441767,0.0,41.12449799196787,298.7951807228916,1.606425702811245,4.497991967871486,0.9638554216867471,0.0,0.0,2.248995983935743,0.0,2.248995983935743,0.642570281124498,2.570281124497992,0.0,0.9638554216867471
JKooter,24.2,3,2,1,0.6666666666666666,2,1,1,1,0.5,1.0,1.0,34.0,320.0,32.0,35.0,24.0,31.0,130.0,5.0,65.0,265.0,0.0,106.0,898.0,5.0,11.0,3.0,0.0,0.0,6.0,0.0,8.0,3.0,7.0,1.0,0.0,0.0,0.04132231404958678,1.4049586776859504,13.223140495867769,1.322314049586777,1.4462809917355373,0.9917355371900827,1.28099173553719,5.371900826446281,0.07692307692307693,0.07692307692307693,0.029411764705882353,0.3235294117647059,0.0,0.25,0.3333333333333333,0.8857142857142857,9.411764705882353,5.416666666666667,0.1447661469933185,0.3305785123966942,11.239669421487603,105.78512396694215,10.578512396694215,11.570247933884298,7.933884297520661,10.24793388429752,42.97520661157025,1.6528925619834711,21.487603305785125,87.60330578512396,0.0,35.04132231404959,296.8595041322314,1.6528925619834711,3.6363636363636367,0.9917355371900827,0.0,0.0,1.9834710743801653,0.0,2.644628099173554,0.9917355371900827,2.31404958677686,0.3305785123966942,0.0
mc,24.0,3,2,1,0.6666666666666666,2,1,1,1,0.5,1.0,2.0,27.0,256.0,24.0,32.0,24.0,35.0,94.0,13.0,63.0,225.0,0.0,86.0,958.0,2.0,5.0,2.0,1.0,0.0,11.0,2.0,10.0,8.0,11.0,1.0,2.0,0.08333333333333333,0.08333333333333333,1.125,10.666666666666666,1.0,1.3333333333333333,1.0,1.4583333333333333,3.9166666666666665,0.20634920634920634,0.20634920634920634,0.07407407407407407,0.18518518518518517,0.037037037037037035,0.4583333333333333,0.4166666666666667,1.09375,9.481481481481481,3.9166666666666665,0.09812108559498957,0.6666666666666666,9.0,85.33333333333333,8.0,10.666666666666666,8.0,11.666666666666666,31.333333333333332,4.333333333333333,21.0,75.0,0.0,28.666666666666668,319.3333333333333,0.6666666666666666,1.6666666666666667,0.6666666666666666,0.3333333333333333,0.0,3.6666666666666665,0.6666666666666666,3.3333333333333335,2.6666666666666665,3.6666666666666665,0.3333333333333333,0.6666666666666666
Russ,24.0,3,1,2,0.3333333333333333,1,2,0,1,0.0,0.5,1.0,32.0,262.0,31.0,40.0,32.0,34.0,121.0,9.0,63.0,260.0,0.0,102.0,783.0,2.0,4.0,2.0,1.0,0.0,11.0,4.0,10.0,9.0,2.0,0.0,-5.0,-0.20833333333333334,0.041666666666666664,1.3333333333333333,10.916666666666666,1.2916666666666667,1.6666666666666667,1.3333333333333333,1.4166666666666667,5.041666666666667,0.14285714285714285,0.14285714285714285,0.03125,0.125,0.03125,0.34375,0.3125,0.85,8.1875,3.78125,0.1545338441890166,0.3333333333333333,10.666666666666666,87.33333333333333,10.333333333333334,13.333333333333334,10.666666666666666,11.333333333333334,40.333333333333336,3.0,21.0,86.66666666666667,0.0,34.0,261.0,0.6666666666666666,1.3333333333333333,0.6666666666666666,0.3333333333333333,0.0,3.6666666666666665,1.3333333333333333,3.3333333333333335,3.0,0.6666666666666666,0.0,-1.6666666666666667
BUTT,22.6,3,2,1,0.6666666666666666,3,0,2,0,0.6666666666666666,0.0,4.0,36.0,381.0,31.0,35.0,13.0,16.0,41.0,13.0,63.0,265.0,0.0,102.0,986.0,3.0,6.0,3.0,2.0,0.0,1.0,3.0,2.0,4.0,3.0,1.0,2.0,0.08849557522123894,0.17699115044247787,1.5929203539823007,16.858407079646017,1.3716814159292035,1.5486725663716814,0.5752212389380531,0.7079646017699115,1.8141592920353982,0.20634920634920634,0.20634920634920634,0.1111111111111111,0.16666666666666666,0.05555555555555555,0.07692307692307693,0.15384615384615385,0.45714285714285713,10.583333333333334,3.1538461538461537,0.04158215010141988,1.415929203539823,12.743362831858406,134.86725663716814,10.973451327433628,12.389380530973451,4.601769911504425,5.663716814159292,14.513274336283185,4.601769911504425,22.30088495575221,93.80530973451327,0.0,36.10619469026548,349.0265486725664,1.0619469026548671,2.1238938053097343,1.0619469026548671,0.7079646017699115,0.0,0.35398230088495575,1.0619469026548671,0.7079646017699115,1.415929203539823,1.0619469026548671,0.35398230088495575,0.7079646017699115
xcv,16.9,3,1,2,0.3333333333333333,2,1,1,0,0.5,0.0,4.0,21.0,189.0,16.0,20.0,11.0,11.0,41.0,5.0,42.0,165.0,0.0,64.0,735.0,3.0,1.0,3.0,1.0,0.0,0.0,1.0,0.0,4.0,0.0,1.0,-1.0,-0.0591715976331361,0.2366863905325444,1.2426035502958581,11.183431952662723,0.9467455621301776,1.183431952662722,0.6508875739644971,0.6508875739644971,2.4260355029585803,0.11904761904761904,0.11904761904761904,0.19047619047619047,0.047619047619047616,0.047619047619047616,0.0,0.0,0.55,9.0,3.727272727272727,0.055782312925170066,1.8934911242603552,9.940828402366865,89.46745562130178,7.573964497041421,9.467455621301776,5.207100591715977,5.207100591715977,19.408284023668642,2.366863905325444,19.88165680473373,78.10650887573965,0.0,30.295857988165682,347.9289940828403,1.4201183431952664,0.4733727810650888,1.4201183431952664,0.4733727810650888,0.0,0.0,0.4733727810650888,0.0,1.8934911242603552,0.0,0.4733727810650888,-0.4733727810650888
Rudey,16.2,2,0,2,0.0,1,1,0,0,0.0,0.0,0.0,15.0,92.0,15.0,24.0,25.0,38.0,139.0,7.0,44.0,127.0,0.0,50.0,544.0,1.0,7.0,4.0,2.0,0.0,5.0,1.0,5.0,9.0,13.0,0.0,-3.0,-0.1851851851851852,0.0,0.9259259259259259,5.679012345679013,0.9259259259259259,1.4814814814814816,1.5432098765432098,2.345679012345679,8.580246913580247,0.1590909090909091,0.1590909090909091,0.0,0.4666666666666667,0.13333333333333333,0.2,0.2,1.5833333333333333,6.133333333333334,5.56,0.2555147058823529,0.0,7.407407407407407,45.4320987654321,7.407407407407407,11.851851851851853,12.345679012345679,18.765432098765434,68.64197530864197,3.4567901234567904,21.728395061728396,62.71604938271605,0.0,24.691358024691358,268.641975308642,0.4938271604938272,3.4567901234567904,1.9753086419753088,0.9876543209876544,0.0,2.469135802469136,0.4938271604938272,2.469135802469136,4.444444444444445,6.419753086419753,0.0,-1.4814814814814816
Iodized Salt,16.2,2,1,1,0.5,1,1,1,0,1.0,0.0,1.0,15.0,90.0,14.0,21.0,27.0,30.0,154.0,7.0,44.0,183.0,0.0,72.0,537.0,0.0,4.0,1.0,1.0,0.0,12.0,2.0,12.0,7.0,3.0,0.0,1.0,0.0617283950617284,0.0617283950617284,0.9259259259259259,5.555555555555555,0.8641975308641976,1.2962962962962963,1.6666666666666667,1.8518518518518519,9.506172839506172,0.1590909090909091,0.1590909090909091,0.06666666666666667,0.26666666666666666,0.06666666666666667,0.4444444444444444,0.4444444444444444,1.4285714285714286,6.0,5.703703703703703,0.28677839851024206,0.4938271604938272,7.407407407407407,44.44444444444444,6.913580246913581,10.37037037037037,13.333333333333334,14.814814814814815,76.04938271604938,3.4567901234567904,21.728395061728396,90.37037037037038,0.0,35.55555555555556,265.1851851851852,0.0,1.9753086419753088,0.4938271604938272,0.4938271604938272,0.0,5.9259259259259265,0.9876543209876544,5.9259259259259265,3.4567901234567904,1.4814814814814816,0.0,0.4938271604938272
sieh,16.2,2,1,1,0.5,0,2,0,1,0.0,0.5,0.0,26.0,199.0,25.0,29.0,19.0,24.0,78.0,4.0,44.0,173.0,0.0,68.0,628.0,3.0,6.0,3.0,2.0,0.0,6.0,3.0,8.0,4.0,5.0,1.0,-1.0,-0.0617283950617284,0.0,1.6049382716049383,12.283950617283951,1.5432098765432098,1.7901234567901236,1.1728395061728396,1.4814814814814816,4.814814814814815,0.09090909090909091,0.09090909090909091,0.0,0.23076923076923078,0.07692307692307693,0.3157894736842105,0.42105263157894735,0.8275862068965517,7.653846153846154,4.105263157894737,0.12420382165605096,0.0,12.839506172839506,98.27160493827161,12.345679012345679,14.320987654320989,9.382716049382717,11.851851851851853,38.51851851851852,1.9753086419753088,21.728395061728396,85.4320987654321,0.0,33.58024691358025,310.1234567901235,1.4814814814814816,2.9629629629629632,1.4814814814814816,0.9876543209876544,0.0,2.9629629629629632,1.4814814814814816,3.9506172839506175,1.9753086419753088,2.469135802469136,0.4938271604938272,-0.4938271604938272
Gvendolino,16.2,2,2,0,1.0,0,2,0,2,0.0,1.0,5.0,20.0,149.0,15.0,16.0,13.0,16.0,127.0,6.0,44.0,182.0,0.0,72.0,603.0,2.0,4.0,3.0,2.0,0.0,5.0,1.0,6.0,1.0,3.0,0.0,3.0,0.1851851851851852,0.308641975308642,1.234567901234568,9.197530864197532,0.9259259259259259,0.9876543209876544,0.8024691358024691,0.9876543209876544,7.839506172839506,0.13636363636363635,0.13636363636363635,0.25,0.2,0.1,0.38461538461538464,0.46153846153846156,1.0,7.45,9.76923076923077,0.21061359867330018,2.469135802469136,9.876543209876544,73.58024691358025,7.407407407407407,7.901234567901235,6.419753086419753,7.901234567901235,62.71604938271605,2.9629629629629632,21.728395061728396,89.87654320987654,0.0,35.55555555555556,297.77777777777777,0.9876543209876544,1.9753086419753088,1.4814814814814816,0.9876543209876544,0.0,2.469135802469136,0.4938271604938272,2.9629629629629632,0.4938271604938272,1.4814814814814816,0.0,1.4814814814814816
AJ.,16.2,2,1,1,0.5,1,1,0,1,0.0,1.0,3.0,21.0,228.0,18.0,24.0,23.0,34.0,49.0,8.0,44.0,144.0,0.0,56.0,656.0,4.0,3.0,2.0,2.0,0.0,7.0,1.0,8.0,6.0,11.0,0.0,1.0,0.0617283950617284,0.1851851851851852,1.2962962962962963,14.074074074074074,1.1111111111111112,1.4814814814814816,1.4197530864197532,2.0987654320987654,3.0246913580246915,0.18181818181818182,0.18181818181818182,0.14285714285714285,0.14285714285714285,0.09523809523809523,0.30434782608695654,0.34782608695652173,1.4166666666666667,10.857142857142858,2.130434782608696,0.07469512195121951,1.4814814814814816,10.37037037037037,112.5925925925926,8.88888888888889,11.851851851851853,11.358024691358025,16.790123456790123,24.19753086419753,3.9506172839506175,21.728395061728396,71.11111111111111,0.0,27.654320987654323,323.95061728395063,1.9753086419753088,1.4814814814814816,0.9876543209876544,0.9876543209876544,0.0,3.4567901234567904,0.4938271604938272,3.9506172839506175,2.9629629629629632,5.432098765432099,0.0,0.4938271604938272
~,16.1,2,1,1,0.5,1,1,0,1,0.0,1.0,2.0,13.0,104.0,11.0,20.0,30.0,36.0,117.0,8.0,43.0,101.0,0.0,40.0,612.0,0.0,3.0,1.0,0.0,1.0,9.0,1.0,10.0,9.0,6.0,0.0,-1.0,-0.06211180124223602,0.12422360248447203,0.8074534161490683,6.459627329192546,0.6832298136645962,1.2422360248447204,1.8633540372670805,2.2360248447204967,7.267080745341614,0.18604651162790697,0.18604651162790697,0.15384615384615385,0.23076923076923078,0.0,0.3,0.3333333333333333,1.8,8.0,3.9,0.19117647058823528,0.9937888198757763,6.459627329192546,51.67701863354037,5.46583850931677,9.937888198757763,14.906832298136644,17.888198757763973,58.13664596273291,3.975155279503105,21.366459627329192,50.1863354037267,0.0,19.875776397515526,304.09937888198755,0.0,1.4906832298136645,0.49689440993788814,0.0,0.49689440993788814,4.472049689440993,0.49689440993788814,4.968944099378882,4.472049689440993,2.981366459627329,0.0,-0.49689440993788814
Irony,16.1,2,1,1,0.5,0,2,0,1,0.0,0.5,1.0,20.0,149.0,19.0,22.0,15.0,15.0,106.0,3.0,43.0,164.0,0.0,64.0,615.0,2.0,5.0,3.0,2.0,0.0,2.0,1.0,3.0,3.0,0.0,0.0,-2.0,-0.12422360248447203,0.06211180124223602,1.2422360248447204,9.254658385093167,1.1801242236024843,1.3664596273291925,0.9316770186335402,0.9316770186335402,6.583850931677018,0.06976744186046512,0.06976744186046512,0.05,0.25,0.1,0.13333333333333333,0.2,0.6818181818181818,7.45,7.066666666666666,0.17235772357723578,0.49689440993788814,9.937888198757763,74.03726708074534,9.440993788819874,10.93167701863354,7.453416149068322,7.453416149068322,52.670807453416145,1.4906832298136645,21.366459627329192,81.49068322981365,0.0,31.80124223602484,305.5900621118012,0.9937888198757763,2.484472049689441,1.4906832298136645,0.9937888198757763,0.0,0.9937888198757763,0.49689440993788814,1.4906832298136645,1.4906832298136645,0.0,0.0,-0.9937888198757763
fl33t,16.1,2,1,1,0.5,2,0,1,0,0.5,0.0,1.0,13.0,141.0,12.0,16.0,16.0,17.0,101.0,2.0,42.0,163.0,0.0,62.0,683.0,3.0,1.0,1.0,0.0,0.0,3.0,1.0,3.0,4.0,1.0,0.0,0.0,0.0,0.06211180124223602,0.8074534161490683,8.757763975155278,0.7453416149068323,0.9937888198757763,0.9937888198757763,1.0559006211180124,6.273291925465838,0.047619047619047616,0.047619047619047616,0.07692307692307693,0.07692307692307693,0.0,0.1875,0.1875,1.0625,10.846153846153847,6.3125,0.1478770131771596,0.49689440993788814,6.459627329192546,70.06211180124222,5.962732919254658,7.95031055900621,7.95031055900621,8.4472049689441,50.1863354037267,0.9937888198757763,20.8695652173913,80.99378881987577,0.0,30.807453416149066,339.3788819875776,1.4906832298136645,0.49689440993788814,0.49689440993788814,0.0,0.0,1.4906832298136645,0.49689440993788814,1.4906832298136645,1.9875776397515525,0.49689440993788814,0.0,0.0
RoVo,16.1,2,1,1,0.5,0,2,0,1,0.0,0.5,1.0,20.0,195.0,19.0,19.0,11.0,14.0,61.0,6.0,42.0,204.0,0.0,80.0,743.0,3.0,3.0,1.0,0.0,0.0,1.0,2.0,3.0,0.0,3.0,0.0,0.0,0.0,0.06211180124223602,1.2422360248447204,12.111801242236023,1.1801242236024843,1.1801242236024843,0.6832298136645962,0.8695652173913043,3.7888198757763973,0.14285714285714285,0.14285714285714285,0.05,0.15,0.0,0.09090909090909091,0.2727272727272727,0.7368421052631579,9.75,5.545454545454546,0.08209959623149395,0.49689440993788814,9.937888198757763,96.89440993788818,9.440993788819874,9.440993788819874,5.46583850931677,6.956521739130435,30.31055900621118,2.981366459627329,20.8695652173913,101.36645962732918,0.0,39.75155279503105,369.1925465838509,1.4906832298136645,1.4906832298136645,0.49689440993788814,0.0,0.0,0.49689440993788814,0.9937888198757763,1.4906832298136645,0.0,1.4906832298136645,0.0,0.0
Goofy Goober,16.1,2,1,1,0.5,2,0,1,0,0.5,0.0,2.0,22.0,211.0,20.0,28.0,12.0,12.0,42.0,4.0,42.0,140.0,0.0,56.0,683.0,4.0,5.0,2.0,2.0,1.0,1.0,0.0,1.0,8.0,0.0,0.0,0.0,0.0,0.12422360248447203,1.3664596273291925,13.1055900621118,1.2422360248447204,1.7391304347826086,0.7453416149068323,0.7453416149068323,2.6086956521739126,0.09523809523809523,0.09523809523809523,0.09090909090909091,0.22727272727272727,0.09090909090909091,0.08333333333333333,0.08333333333333333,0.42857142857142855,9.590909090909092,3.5,0.06149341142020498,0.9937888198757763,10.93167701863354,104.8447204968944,9.937888198757763,13.91304347826087,5.962732919254658,5.962732919254658,20.8695652173913,1.9875776397515525,20.8695652173913,69.56521739130434,0.0,27.82608695652174,339.3788819875776,1.9875776397515525,2.484472049689441,0.9937888198757763,0.9937888198757763,0.49689440993788814,0.49689440993788814,0.0,0.49689440993788814,3.975155279503105,0.0,0.0,0.0
Kep,16.1,2,1,1,0.5,1,1,0,1,0.0,1.0,1.0,10.0,54.0,9.0,16.0,30.0,34.0,175.0,1.0,43.0,120.0,0.0,48.0,579.0,0.0,2.0,1.0,1.0,0.0,7.0,1.0,9.0,7.0,4.0,0.0,1.0,0.06211180124223602,0.06211180124223602,0.6211180124223602,3.354037267080745,0.5590062111801242,0.9937888198757763,1.8633540372670805,2.111801242236025,10.869565217391303,0.023255813953488372,0.023255813953488372,0.1,0.2,0.1,0.23333333333333334,0.3,2.125,5.4,5.833333333333333,0.3022452504317789,0.49689440993788814,4.968944099378882,26.83229813664596,4.472049689440993,7.95031055900621,14.906832298136644,16.8944099378882,86.95652173913042,0.49689440993788814,21.366459627329192,59.627329192546576,0.0,23.850931677018632,287.70186335403724,0.0,0.9937888198757763,0.49689440993788814,0.49689440993788814,0.0,3.4782608695652173,0.49689440993788814,4.472049689440993,3.4782608695652173,1.9875776397515525,0.0,0.49689440993788814
babyTron,16.1,2,1,1,0.5,2,0,1,0,0.5,0.0,1.0,16.0,133.0,15.0,23.0,35.0,35.0,90.0,2.0,42.0,120.0,0.0,48.0,683.0,4.0,6.0,4.0,1.0,0.0,7.0,2.0,11.0,8.0,0.0,0.0,0.0,0.0,0.06211180124223602,0.9937888198757763,8.26086956521739,0.9316770186335402,1.4285714285714284,2.1739130434782608,2.1739130434782608,5.590062111801242,0.047619047619047616,0.047619047619047616,0.0625,0.375,0.0625,0.2,0.3142857142857143,1.5217391304347827,8.3125,2.5714285714285716,0.13177159590043924,0.49689440993788814,7.95031055900621,66.08695652173913,7.453416149068322,11.428571428571427,17.391304347826086,17.391304347826086,44.72049689440993,0.9937888198757763,20.8695652173913,59.627329192546576,0.0,23.850931677018632,339.3788819875776,1.9875776397515525,2.981366459627329,1.9875776397515525,0.49689440993788814,0.0,3.4782608695652173,0.9937888198757763,5.46583850931677,3.975155279503105,0.0,0.0,0.0
meowza,16.1,2,1,1,0.5,2,0,1,0,0.5,0.0,1.0,20.0,175.0,19.0,21.0,29.0,39.0,129.0,11.0,43.0,135.0,0.0,52.0,531.0,3.0,5.0,3.0,2.0,0.0,12.0,1.0,12.0,2.0,10.0,0.0,2.0,0.12422360248447203,0.06211180124223602,1.2422360248447204,10.869565217391303,1.1801242236024843,1.3043478260869563,1.8012422360248446,2.422360248447205,8.012422360248447,0.2558139534883721,0.2558139534883721,0.05,0.25,0.1,0.41379310344827586,0.41379310344827586,1.8571428571428572,8.75,4.448275862068965,0.24293785310734464,0.49689440993788814,9.937888198757763,86.95652173913042,9.440993788819874,10.43478260869565,14.409937888198757,19.37888198757764,64.09937888198758,5.46583850931677,21.366459627329192,67.0807453416149,0.0,25.838509316770185,263.8509316770186,1.4906832298136645,2.484472049689441,1.4906832298136645,0.9937888198757763,0.0,5.962732919254658,0.49689440993788814,5.962732919254658,0.9937888198757763,4.968944099378882,0.0,0.9937888198757763
megapoop22,16.1,2,1,1,0.5,0,2,0,1,0.0,0.5,2.0,24.0,193.0,22.0,23.0,22.0,25.0,42.0,5.0,42.0,170.0,0.0,66.0,743.0,2.0,5.0,1.0,1.0,0.0,4.0,1.0,6.0,1.0,3.0,0.0,0.0,0.0,0.12422360248447203,1.4906832298136645,11.987577639751551,1.3664596273291925,1.4285714285714284,1.3664596273291925,1.5527950310559004,2.6086956521739126,0.11904761904761904,0.11904761904761904,0.08333333333333333,0.20833333333333334,0.041666666666666664,0.18181818181818182,0.2727272727272727,1.0869565217391304,8.041666666666666,1.9090909090909092,0.05652759084791386,0.9937888198757763,11.925465838509316,95.90062111801241,10.93167701863354,11.428571428571427,10.93167701863354,12.422360248447204,20.8695652173913,2.484472049689441,20.8695652173913,84.472049689441,0.0,32.795031055900616,369.1925465838509,0.9937888198757763,2.484472049689441,0.49689440993788814,0.49689440993788814,0.0,1.9875776397515525,0.49689440993788814,2.981366459627329,0.49689440993788814,1.4906832298136645,0.0,0.0
Trapsin,16.0,2,0,2,0.0,0,2,0,0,0.0,0.0,2.0,21.0,177.0,18.0,23.0,12.0,13.0,123.0,8.0,42.0,174.0,0.0,68.0,608.0,2.0,6.0,3.0,2.0,0.0,2.0,1.0,3.0,5.0,1.0,1.0,-4.0,-0.25,0.125,1.3125,11.0625,1.125,1.4375,0.75,0.8125,7.6875,0.19047619047619047,0.19047619047619047,0.09523809523809523,0.2857142857142857,0.09523809523809523,0.16666666666666666,0.25,0.5652173913043478,8.428571428571429,10.25,0.20230263157894737,1.0,10.5,88.5,9.0,11.5,6.0,6.5,61.5,4.0,21.0,87.0,0.0,34.0,304.0,1.0,3.0,1.5,1.0,0.0,1.0,0.5,1.5,2.5,0.5,0.5,-2.0
TERROR NUGS,16.0,2,1,1,0.5,1,1,1,0,1.0,0.0,1.0,17.0,189.0,16.0,20.0,15.0,20.0,90.0,7.0,42.0,151.0,0.0,60.0,629.0,3.0,2.0,2.0,1.0,0.0,2.0,1.0,5.0,4.0,5.0,0.0,0.0,0.0,0.0625,1.0625,11.8125,1.0,1.25,0.9375,1.25,5.625,0.16666666666666666,0.16666666666666666,0.058823529411764705,0.11764705882352941,0.058823529411764705,0.13333333333333333,0.3333333333333333,1.0,11.117647058823529,6.0,0.14308426073131955,0.5,8.5,94.5,8.0,10.0,7.5,10.0,45.0,3.5,21.0,75.5,0.0,30.0,314.5,1.5,1.0,1.0,0.5,0.0,1.0,0.5,2.5,2.0,2.5,0.0,0.0
Witcher,16.0,2,1,1,0.5,0,2,0,1,0.0,0.5,0.0,19.0,130.0,19.0,22.0,15.0,23.0,110.0,7.0,42.0,119.0,0.0,46.0,625.0,1.0,5.0,2.0,2.0,0.0,2.0,0.0,3.0,3.0,8.0,0.0,-1.0,-0.0625,0.0,1.1875,8.125,1.1875,1.375,0.9375,1.4375,6.875,0.16666666666666666,0.16666666666666666,0.0,0.2631578947368421,0.10526315789473684,0.13333333333333333,0.2,1.0454545454545454,6.842105263157895,7.333333333333333,0.176,0.0,9.5,65.0,9.5,11.0,7.5,11.5,55.0,3.5,21.0,59.5,0.0,23.0,312.5,0.5,2.5,1.0,1.0,0.0,1.0,0.0,1.5,1.5,4.0,0.0,-0.5
SleepyBoi,16.0,2,1,1,0.5,0,2,0,1,0.0,0.5,1.0,24.0,181.0,22.0,26.0,16.0,16.0,46.0,3.0,42.0,201.0,0.0,78.0,595.0,1.0,8.0,2.0,0.0,0.0,4.0,2.0,5.0,4.0,0.0,1.0,-1.0,-0.0625,0.0625,1.5,11.3125,1.375,1.625,1.0,1.0,2.875,0.07142857142857142,0.07142857142857142,0.041666666666666664,0.3333333333333333,0.0,0.25,0.3125,0.6153846153846154,7.541666666666667,2.875,0.0773109243697479,0.5,12.0,90.5,11.0,13.0,8.0,8.0,23.0,1.5,21.0,100.5,0.0,39.0,297.5,0.5,4.0,1.0,0.0,0.0,2.0,1.0,2.5,2.0,0.0,0.5,-0.5
Chritt,16.0,2,1,1,0.5,1,1,1,0,1.0,0.0,1.0,25.0,147.0,24.0,24.0,17.0,17.0,52.0,1.0,42.0,233.0,0.0,92.0,615.0,1.0,7.0,2.0,0.0,0.0,3.0,4.0,3.0,0.0,0.0,0.0,0.0,0.0,0.0625,1.5625,9.1875,1.5,1.5,1.0625,1.0625,3.25,0.023809523809523808,0.023809523809523808,0.04,0.28,0.0,0.17647058823529413,0.17647058823529413,0.7083333333333334,5.88,3.0588235294117645,0.08455284552845528,0.5,12.5,73.5,12.0,12.0,8.5,8.5,26.0,0.5,21.0,116.5,0.0,46.0,307.5,0.5,3.5,1.0,0.0,0.0,1.5,2.0,1.5,0.0,0.0,0.0,0.0
Gavi,16.0,2,1,1,0.5,2,0,1,0,0.5,0.0,1.0,31.0,201.0,30.0,33.0,12.0,16.0,22.0,6.0,42.0,233.0,0.0,92.0,608.0,1.0,4.0,4.0,1.0,0.0,2.0,0.0,4.0,3.0,4.0,0.0,0.0,0.0,0.0625,1.9375,12.5625,1.875,2.0625,0.75,1.0,1.375,0.14285714285714285,0.14285714285714285,0.03225806451612903,0.12903225806451613,0.03225806451612903,0.16666666666666666,0.3333333333333333,0.48484848484848486,6.483870967741935,1.8333333333333333,0.03618421052631579,0.5,15.5,100.5,15.0,16.5,6.0,8.0,11.0,3.0,21.0,116.5,0.0,46.0,304.0,0.5,2.0,2.0,0.5,0.0,1.0,0.0,2.0,1.5,2.0,0.0,0.0
Green,16.0,2,1,1,0.5,1,1,1,0,1.0,0.0,1.0,12.0,75.0,11.0,14.0,26.0,30.0,112.0,7.0,42.0,134.0,0.0,52.0,595.0,0.0,3.0,1.0,0.0,0.0,8.0,0.0,9.0,3.0,4.0,0.0,1.0,0.0625,0.0625,0.75,4.6875,0.6875,0.875,1.625,1.875,7.0,0.16666666666666666,0.16666666666666666,0.08333333333333333,0.25,0.0,0.3076923076923077,0.34615384615384615,2.142857142857143,6.25,4.3076923076923075,0.18823529411764706,0.5,6.0,37.5,5.5,7.0,13.0,15.0,56.0,3.5,21.0,67.0,0.0,26.0,297.5,0.0,1.5,0.5,0.0,0.0,4.0,0.0,4.5,1.5,2.0,0.0,0.5
pontoon boat,16.0,2,0,2,0.0,2,0,0,0,0.0,0.0,0.0,25.0,230.0,25.0,30.0,18.0,21.0,81.0,4.0,42.0,161.0,0.0,64.0,625.0,2.0,3.0,1.0,0.0,0.0,6.0,1.0,8.0,5.0,3.0,0.0,-3.0,-0.1875,0.0,1.5625,14.375,1.5625,1.875,1.125,1.3125,5.0625,0.09523809523809523,0.09523809523809523,0.0,0.12,0.0,0.3333333333333333,0.4444444444444444,0.7,9.2,4.5,0.1296,0.0,12.5,115.0,12.5,15.0,9.0,10.5,40.5,2.0,21.0,80.5,0.0,32.0,312.5,1.0,1.5,0.5,0.0,0.0,3.0,0.5,4.0,2.5,1.5,0.0,-1.5
tha king,16.0,2,0,2,0.0,1,1,0,0,0.0,0.0,2.0,17.0,94.0,15.0,17.0,27.0,31.0,219.0,5.0,42.0,137.0,0.0,52.0,467.0,1.0,6.0,2.0,1.0,0.0,13.0,0.0,15.0,2.0,4.0,0.0,-7.0,-0.4375,0.125,1.0625,5.875,0.9375,1.0625,1.6875,1.9375,13.6875,0.11904761904761904,0.11904761904761904,0.11764705882352941,0.35294117647058826,0.058823529411764705,0.48148148148148145,0.5555555555555556,1.8235294117647058,5.529411764705882,8.11111111111111,0.4689507494646681,1.0,8.5,47.0,7.5,8.5,13.5,15.5,109.5,2.5,21.0,68.5,0.0,26.0,233.5,0.5,3.0,1.0,0.5,0.0,6.5,0.0,7.5,1.0,2.0,0.0,-3.5
Karasu,15.6,2,1,1,0.5,2,0,1,0,0.5,0.0,1.0,20.0,131.0,19.0,23.0,16.0,17.0,61.0,6.0,42.0,131.0,0.0,52.0,584.0,1.0,4.0,2.0,1.0,0.0,4.0,1.0,4.0,4.0,1.0,0.0,4.0,0.25641025641025644,0.06410256410256411,1.2820512820512822,8.397435897435898,1.217948717948718,1.4743589743589745,1.0256410256410258,1.0897435897435899,3.91025641025641,0.14285714285714285,0.14285714285714285,0.05,0.2,0.05,0.25,0.25,0.7391304347826086,6.55,3.8125,0.10445205479452055,0.5128205128205129,10.256410256410257,67.17948717948718,9.743589743589745,11.794871794871796,8.205128205128206,8.717948717948719,31.28205128205128,3.076923076923077,21.53846153846154,67.17948717948718,0.0,26.666666666666668,299.4871794871795,0.5128205128205129,2.0512820512820515,1.0256410256410258,0.5128205128205129,0.0,2.0512820512820515,0.5128205128205129,2.0512820512820515,2.0512820512820515,0.5128205128205129,0.0,2.0512820512820515
praopraoprao,15.6,2,1,1,0.5,1,1,1,0,1.0,0.0,1.0,15.0,167.0,14.0,20.0,15.0,18.0,142.0,6.0,42.0,129.0,0.0,50.0,603.0,3.0,1.0,1.0,0.0,0.0,4.0,1.0,5.0,6.0,3.0,0.0,-3.0,-0.19230769230769232,0.06410256410256411,0.9615384615384616,10.705128205128206,0.8974358974358975,1.2820512820512822,0.9615384615384616,1.153846153846154,9.102564102564102,0.14285714285714285,0.14285714285714285,0.06666666666666667,0.06666666666666667,0.0,0.26666666666666666,0.3333333333333333,0.9,11.133333333333333,9.466666666666667,0.23548922056384744,0.5128205128205129,7.6923076923076925,85.64102564102565,7.17948717948718,10.256410256410257,7.6923076923076925,9.230769230769232,72.82051282051282,3.076923076923077,21.53846153846154,66.15384615384616,0.0,25.641025641025642,309.2307692307692,1.5384615384615385,0.5128205128205129,0.5128205128205129,0.0,0.0,2.0512820512820515,0.5128205128205129,2.5641025641025643,3.076923076923077,1.5384615384615385,0.0,-1.5384615384615385
baIl-E,9.1,2,2,0,1.0,2,0,2,0,1.0,0.0,1.0,9.0,56.0,8.0,8.0,11.0,13.0,60.0,4.0,23.0,81.0,0.0,32.0,289.0,0.0,3.0,1.0,0.0,0.0,6.0,1.0,6.0,0.0,2.0,0.0,3.0,0.32967032967032966,0.10989010989010989,0.989010989010989,6.153846153846154,0.8791208791208791,0.8791208791208791,1.208791208791209,1.4285714285714286,6.593406593406594,0.17391304347826086,0.17391304347826086,0.1111111111111111,0.3333333333333333,0.0,0.5454545454545454,0.5454545454545454,1.625,6.222222222222222,5.454545454545454,0.20761245674740483,0.8791208791208791,7.912087912087912,49.23076923076923,7.032967032967033,7.032967032967033,9.670329670329672,11.428571428571429,52.74725274725275,3.5164835164835164,20.21978021978022,71.20879120879121,0.0,28.13186813186813,254.06593406593407,0.0,2.6373626373626373,0.8791208791208791,0.0,0.0,5.274725274725275,0.8791208791208791,5.274725274725275,0.0,1.7582417582417582,0.0,2.6373626373626373
FL,9.1,2,0,2,0.0,0,2,0,0,0.0,0.0,1.0,10.0,59.0,9.0,12.0,5.0,7.0,103.0,1.0,23.0,95.0,0.0,36.0,255.0,0.0,3.0,3.0,0.0,0.0,1.0,0.0,2.0,3.0,2.0,0.0,-2.0,-0.21978021978021978,0.10989010989010989,1.098901098901099,6.483516483516484,0.989010989010989,1.3186813186813187,0.5494505494505495,0.7692307692307693,11.31868131868132,0.043478260869565216,0.043478260869565216,0.1,0.3,0.0,0.2,0.4,0.5833333333333334,5.9,20.6,0.403921568627451,0.8791208791208791,8.791208791208792,51.86813186813187,7.912087912087912,10.54945054945055,4.395604395604396,6.153846153846154,90.54945054945055,0.8791208791208791,20.21978021978022,83.51648351648352,0.0,31.64835164835165,224.17582417582418,0.0,2.6373626373626373,2.6373626373626373,0.0,0.0,0.8791208791208791,0.0,1.7582417582417582,2.6373626373626373,1.7582417582417582,0.0,-1.7582417582417582
rc,9.1,2,1,1,0.5,0,2,0,1,0.0,0.5,1.0,13.0,52.0,11.0,15.0,6.0,11.0,46.0,2.0,23.0,103.0,0.0,40.0,308.0,0.0,7.0,3.0,0.0,0.0,0.0,0.0,2.0,4.0,5.0,1.0,0.0,0.0,0.10989010989010989,1.4285714285714286,5.714285714285714,1.208791208791209,1.6483516483516485,0.6593406593406593,1.208791208791209,5.054945054945055,0.08695652173913043,0.08695652173913043,0.07692307692307693,0.5384615384615384,0.0,0.0,0.3333333333333333,0.7333333333333333,4.0,7.666666666666667,0.14935064935064934,0.8791208791208791,11.428571428571429,45.714285714285715,9.670329670329672,13.186813186813188,5.274725274725275,9.670329670329672,40.43956043956044,1.7582417582417582,20.21978021978022,90.54945054945055,0.0,35.16483516483517,270.7692307692308,0.0,6.153846153846154,2.6373626373626373,0.0,0.0,0.0,0.0,1.7582417582417582,3.5164835164835164,4.395604395604396,0.8791208791208791,0.0
Mystic,8.9,2,1,1,0.5,1,1,1,0,1.0,0.0,1.0,14.0,85.0,12.0,12.0,12.0,12.0,42.0,2.0,21.0,120.0,0.0,48.0,347.0,1.0,7.0,5.0,2.0,0.0,3.0,2.0,4.0,0.0,0.0,1.0,1.0,0.11235955056179775,0.11235955056179775,1.5730337078651684,9.550561797752808,1.348314606741573,1.348314606741573,1.348314606741573,1.348314606741573,4.719101123595506,0.09523809523809523,0.09523809523809523,0.07142857142857142,0.5,0.14285714285714285,0.25,0.3333333333333333,1.0,6.071428571428571,3.5,0.12103746397694524,0.898876404494382,12.584269662921347,76.40449438202246,10.786516853932584,10.786516853932584,10.786516853932584,10.786516853932584,37.752808988764045,1.797752808988764,18.876404494382022,107.86516853932584,0.0,43.146067415730336,311.91011235955057,0.898876404494382,6.2921348314606735,4.4943820224719095,1.797752808988764,0.0,2.696629213483146,1.797752808988764,3.595505617977528,0.0,0.0,0.898876404494382,0.898876404494382
Sambal 1,8.9,2,1,1,0.5,1,1,1,0,1.0,0.0,0.0,11.0,85.0,11.0,12.0,8.0,9.0,55.0,2.0,21.0,94.0,0.0,36.0,352.0,0.0,1.0,1.0,0.0,0.0,2.0,0.0,3.0,1.0,1.0,0.0,-1.0,-0.11235955056179775,0.0,1.2359550561797752,9.550561797752808,1.2359550561797752,1.348314606741573,0.898876404494382,1.0112359550561798,6.179775280898876,0.09523809523809523,0.09523809523809523,0.0,0.09090909090909091,0.0,0.25,0.375,0.75,7.7272727272727275,6.875,0.15625,0.0,9.887640449438202,76.40449438202246,9.887640449438202,10.786516853932584,7.191011235955056,8.089887640449438,49.43820224719101,1.797752808988764,18.876404494382022,84.49438202247191,0.0,32.359550561797754,316.40449438202245,0.0,0.898876404494382,0.898876404494382,0.0,0.0,1.797752808988764,0.0,2.696629213483146,0.898876404494382,0.898876404494382,0.0,-0.898876404494382
Better Mamba,8.2,1,1,0,1.0,1,0,1,0,1.0,0.0,1.0,7.0,63.0,6.0,7.0,10.0,10.0,54.0,4.0,23.0,50.0,0.0,20.0,277.0,0.0,1.0,1.0,1.0,0.0,4.0,0.0,3.0,1.0,0.0,0.0,1.0,0.12195121951219513,0.12195121951219513,0.853658536585366,7.682926829268293,0.7317073170731708,0.853658536585366,1.2195121951219514,1.2195121951219514,6.585365853658537,0.17391304347826086,0.17391304347826086,0.14285714285714285,0.14285714285714285,0.14285714285714285,0.4,0.3,1.4285714285714286,9.0,5.4,0.19494584837545126,0.9756097560975611,6.829268292682928,61.463414634146346,5.853658536585367,6.829268292682928,9.756097560975611,9.756097560975611,52.6829268292683,3.9024390243902443,22.439024390243905,48.78048780487805,0.0,19.512195121951223,270.2439024390244,0.0,0.9756097560975611,0.9756097560975611,0.9756097560975611,0.0,3.9024390243902443,0.0,2.9268292682926833,0.9756097560975611,0.0,0.0,0.9756097560975611
Able,8.2,1,1,0,1.0,1,0,1,0,1.0,0.0,2.0,15.0,54.0,13.0,17.0,11.0,11.0,32.0,0.0,23.0,60.0,0.0,24.0,277.0,0.0,5.0,2.0,1.0,0.0,3.0,0.0,4.0,4.0,0.0,0.0,1.0,0.12195121951219513,0.24390243902439027,1.829268292682927,6.585365853658537,1.5853658536585367,2.073170731707317,1.3414634146341464,1.3414634146341464,3.9024390243902443,0.0,0.0,0.13333333333333333,0.3333333333333333,0.06666666666666667,0.2727272727272727,0.36363636363636365,0.6470588235294118,3.6,2.909090909090909,0.11552346570397112,1.9512195121951221,14.634146341463415,52.6829268292683,12.682926829268293,16.585365853658537,10.731707317073171,10.731707317073171,31.219512195121954,0.0,22.439024390243905,58.53658536585366,0.0,23.414634146341466,270.2439024390244,0.0,4.878048780487806,1.9512195121951221,0.9756097560975611,0.0,2.9268292682926833,0.0,3.9024390243902443,3.9024390243902443,0.0,0.0,0.9756097560975611
Maelstrom,8.2,1,0,1,0.0,0,1,0,0,0.0,0.0,2.0,15.0,113.0,13.0,14.0,6.0,7.0,35.0,4.0,23.0,77.0,0.0,30.0,234.0,1.0,3.0,1.0,0.0,0.0,1.0,0.0,2.0,1.0,1.0,0.0,-1.0,-0.12195121951219513,0.24390243902439027,1.829268292682927,13.78048780487805,1.5853658536585367,1.707317073170732,0.7317073170731708,0.853658536585366,4.2682926829268295,0.17391304347826086,0.17391304347826086,0.13333333333333333,0.2,0.0,0.16666666666666666,0.3333333333333333,0.5,7.533333333333333,5.833333333333333,0.14957264957264957,1.9512195121951221,14.634146341463415,110.2439024390244,12.682926829268293,13.658536585365855,5.853658536585367,6.829268292682928,34.146341463414636,3.9024390243902443,22.439024390243905,75.1219512195122,0.0,29.26829268292683,228.2926829268293,0.9756097560975611,2.9268292682926833,0.9756097560975611,0.0,0.0,0.9756097560975611,0.0,1.9512195121951221,0.9756097560975611,0.9756097560975611,0.0,-0.9756097560975611
kutrebar,8.2,1,0,1,0.0,1,0,0,0,0.0,0.0,2.0,13.0,97.0,11.0,12.0,6.0,8.0,31.0,3.0,23.0,61.0,0.0,24.0,277.0,1.0,2.0,2.0,1.0,1.0,2.0,0.0,4.0,1.0,2.0,0.0,-1.0,-0.12195121951219513,0.24390243902439027,1.5853658536585367,11.829268292682928,1.3414634146341464,1.4634146341463417,0.7317073170731708,0.9756097560975611,3.780487804878049,0.13043478260869565,0.13043478260869565,0.15384615384615385,0.15384615384615385,0.07692307692307693,0.3333333333333333,0.6666666666666666,0.6666666666666666,7.461538461538462,5.166666666666667,0.11191335740072202,1.9512195121951221,12.682926829268293,94.63414634146342,10.731707317073171,11.707317073170733,5.853658536585367,7.8048780487804885,30.243902439024392,2.9268292682926833,22.439024390243905,59.51219512195122,0.0,23.414634146341466,270.2439024390244,0.9756097560975611,1.9512195121951221,1.9512195121951221,0.9756097560975611,0.9756097560975611,1.9512195121951221,0.0,3.9024390243902443,0.9756097560975611,1.9512195121951221,0.0,-0.9756097560975611
Porps,8.2,1,1,0,1.0,0,1,0,1,0.0,1.0,1.0,8.0,46.0,7.0,14.0,10.0,12.0,78.0,4.0,23.0,68.0,0.0,26.0,287.0,0.0,1.0,0.0,0.0,0.0,3.0,0.0,3.0,7.0,2.0,0.0,1.0,0.12195121951219513,0.12195121951219513,0.9756097560975611,5.609756097560976,0.853658536585366,1.707317073170732,1.2195121951219514,1.4634146341463417,9.51219512195122,0.17391304347826086,0.17391304347826086,0.125,0.125,0.0,0.3,0.3,0.8571428571428571,5.75,7.8,0.27177700348432055,0.9756097560975611,7.8048780487804885,44.87804878048781,6.829268292682928,13.658536585365855,9.756097560975611,11.707317073170733,76.09756097560977,3.9024390243902443,22.439024390243905,66.34146341463415,0.0,25.365853658536587,280.0,0.0,0.9756097560975611,0.0,0.0,0.0,2.9268292682926833,0.0,2.9268292682926833,6.829268292682928,1.9512195121951221,0.0,0.9756097560975611
Beach,8.2,1,0,1,0.0,1,0,0,0,0.0,0.0,1.0,8.0,41.0,7.0,11.0,11.0,11.0,81.0,1.0,23.0,64.0,0.0,24.0,277.0,0.0,3.0,0.0,0.0,0.0,5.0,0.0,3.0,4.0,0.0,0.0,-1.0,-0.12195121951219513,0.12195121951219513,0.9756097560975611,5.0,0.853658536585366,1.3414634146341464,1.3414634146341464,1.3414634146341464,9.878048780487806,0.043478260869565216,0.043478260869565216,0.125,0.375,0.0,0.45454545454545453,0.2727272727272727,1.0,5.125,7.363636363636363,0.2924187725631769,0.9756097560975611,7.8048780487804885,40.0,6.829268292682928,10.731707317073171,10.731707317073171,10.731707317073171,79.02439024390245,0.9756097560975611,22.439024390243905,62.43902439024391,0.0,23.414634146341466,270.2439024390244,0.0,2.9268292682926833,0.0,0.0,0.0,4.878048780487806,0.0,2.9268292682926833,3.9024390243902443,0.0,0.0,-0.9756097560975611
gl hf :),8.2,1,0,1,0.0,0,1,0,0,0.0,0.0,0.0,12.0,74.0,12.0,14.0,11.0,11.0,25.0,2.0,23.0,147.0,0.0,58.0,234.0,2.0,6.0,3.0,1.0,0.0,3.0,1.0,5.0,2.0,0.0,0.0,-1.0,-0.12195121951219513,0.0,1.4634146341463417,9.02439024390244,1.4634146341463417,1.707317073170732,1.3414634146341464,1.3414634146341464,3.048780487804878,0.08695652173913043,0.08695652173913043,0.0,0.5,0.08333333333333333,0.2727272727272727,0.45454545454545453,0.7857142857142857,6.166666666666667,2.272727272727273,0.10683760683760683,0.0,11.707317073170733,72.19512195121952,11.707317073170733,13.658536585365855,10.731707317073171,10.731707317073171,24.390243902439025,1.9512195121951221,22.439024390243905,143.41463414634148,0.0,56.585365853658544,228.2926829268293,1.9512195121951221,5.853658536585367,2.9268292682926833,0.9756097560975611,0.0,2.9268292682926833,0.9756097560975611,4.878048780487806,1.9512195121951221,0.0,0.0,-0.9756097560975611
beef,8.1,1,1,0,1.0,0,1,0,1,0.0,1.0,1.0,14.0,88.0,13.0,15.0,8.0,8.0,34.0,6.0,22.0,114.0,0.0,44.0,275.0,0.0,3.0,1.0,0.0,0.0,2.0,1.0,3.0,2.0,0.0,0.0,1.0,0.1234567901234568,0.1234567901234568,1.7283950617283952,10.864197530864198,1.6049382716049383,1.8518518518518519,0.9876543209876544,0.9876543209876544,4.197530864197531,0.2727272727272727,0.2727272727272727,0.07142857142857142,0.21428571428571427,0.0,0.25,0.375,0.5333333333333333,6.285714285714286,4.25,0.12363636363636364,0.9876543209876544,13.827160493827162,86.91358024691358,12.839506172839506,14.814814814814815,7.901234567901235,7.901234567901235,33.58024691358025,5.9259259259259265,21.728395061728396,112.5925925925926,0.0,43.45679012345679,271.60493827160496,0.0,2.9629629629629632,0.9876543209876544,0.0,0.0,1.9753086419753088,0.9876543209876544,2.9629629629629632,1.9753086419753088,0.0,0.0,0.9876543209876544
Rabz,8.1,1,0,1,0.0,0,1,0,0,0.0,0.0,1.0,11.0,145.0,10.0,10.0,4.0,4.0,19.0,1.0,21.0,70.0,0.0,28.0,461.0,3.0,1.0,0.0,0.0,0.0,2.0,0.0,2.0,0.0,0.0,0.0,-1.0,-0.1234567901234568,0.1234567901234568,1.3580246913580247,17.901234567901234,1.234567901234568,1.234567901234568,0.4938271604938272,0.4938271604938272,2.345679012345679,0.047619047619047616,0.047619047619047616,0.09090909090909091,0.09090909090909091,0.0,0.5,0.5,0.4,13.181818181818182,4.75,0.04121475054229935,0.9876543209876544,10.864197530864198,143.20987654320987,9.876543209876544,9.876543209876544,3.9506172839506175,3.9506172839506175,18.765432098765434,0.9876543209876544,20.74074074074074,69.13580246913581,0.0,27.654320987654323,455.30864197530866,2.9629629629629632,0.9876543209876544,0.0,0.0,0.0,1.9753086419753088,0.0,1.9753086419753088,0.0,0.0,0.0,-0.9876543209876544
hail santa,8.1,1,0,1,0.0,0,1,0,0,0.0,0.0,0.0,7.0,49.0,7.0,8.0,7.0,11.0,33.0,3.0,21.0,51.0,0.0,20.0,461.0,0.0,1.0,1.0,1.0,0.0,0.0,0.0,2.0,1.0,4.0,0.0,-1.0,-0.1234567901234568,0.0,0.8641975308641976,6.049382716049383,0.8641975308641976,0.9876543209876544,0.8641975308641976,1.3580246913580247,4.074074074074074,0.14285714285714285,0.14285714285714285,0.0,0.14285714285714285,0.14285714285714285,0.0,0.2857142857142857,1.375,7.0,4.714285714285714,0.07158351409978309,0.0,6.913580246913581,48.39506172839506,6.913580246913581,7.901234567901235,6.913580246913581,10.864197530864198,32.592592592592595,2.9629629629629632,20.74074074074074,50.370370370370374,0.0,19.75308641975309,455.30864197530866,0.0,0.9876543209876544,0.9876543209876544,0.9876543209876544,0.0,0.0,0.0,1.9753086419753088,0.9876543209876544,3.9506172839506175,0.0,-0.9876543209876544
eee,8.1,1,0,1,0.0,1,0,0,0,0.0,0.0,0.0,9.0,66.0,9.0,11.0,7.0,12.0,27.0,2.0,22.0,131.0,0.0,52.0,256.0,0.0,3.0,3.0,0.0,0.0,3.0,0.0,1.0,2.0,5.0,0.0,-1.0,-0.1234567901234568,0.0,1.1111111111111112,8.148148148148149,1.1111111111111112,1.3580246913580247,0.8641975308641976,1.4814814814814816,3.3333333333333335,0.09090909090909091,0.09090909090909091,0.0,0.3333333333333333,0.0,0.42857142857142855,0.14285714285714285,1.0909090909090908,7.333333333333333,3.857142857142857,0.10546875,0.0,8.88888888888889,65.18518518518519,8.88888888888889,10.864197530864198,6.913580246913581,11.851851851851853,26.666666666666668,1.9753086419753088,21.728395061728396,129.3827160493827,0.0,51.358024691358025,252.83950617283952,0.0,2.9629629629629632,2.9629629629629632,0.0,0.0,2.9629629629629632,0.0,0.9876543209876544,1.9753086419753088,4.938271604938272,0.0,-0.9876543209876544
Sam-,8.1,1,0,1,0.0,1,0,0,0,0.0,0.0,2.0,16.0,70.0,14.0,16.0,5.0,5.0,10.0,1.0,22.0,117.0,0.0,46.0,256.0,0.0,4.0,1.0,1.0,0.0,0.0,0.0,1.0,2.0,0.0,0.0,-1.0,-0.1234567901234568,0.2469135802469136,1.9753086419753088,8.641975308641976,1.7283950617283952,1.9753086419753088,0.617283950617284,0.617283950617284,1.234567901234568,0.045454545454545456,0.045454545454545456,0.125,0.25,0.0625,0.0,0.2,0.3125,4.375,2.0,0.0390625,1.9753086419753088,15.80246913580247,69.13580246913581,13.827160493827162,15.80246913580247,4.938271604938272,4.938271604938272,9.876543209876544,0.9876543209876544,21.728395061728396,115.55555555555556,0.0,45.4320987654321,252.83950617283952,0.0,3.9506172839506175,0.9876543209876544,0.9876543209876544,0.0,0.0,0.0,0.9876543209876544,1.9753086419753088,0.0,0.0,-0.9876543209876544
KING KRULE,8.1,1,1,0,1.0,0,1,0,1,0.0,1.0,1.0,14.0,75.0,12.0,13.0,9.0,9.0,39.0,2.0,22.0,105.0,0.0,42.0,275.0,0.0,4.0,1.0,1.0,0.0,4.0,1.0,5.0,1.0,0.0,1.0,1.0,0.1234567901234568,0.1234567901234568,1.7283950617283952,9.25925925925926,1.4814814814814816,1.6049382716049383,1.1111111111111112,1.1111111111111112,4.814814814814815,0.09090909090909091,0.09090909090909091,0.07142857142857142,0.2857142857142857,0.07142857142857142,0.4444444444444444,0.5555555555555556,0.6923076923076923,5.357142857142857,4.333333333333333,0.14181818181818182,0.9876543209876544,13.827160493827162,74.07407407407408,11.851851851851853,12.839506172839506,8.88888888888889,8.88888888888889,38.51851851851852,1.9753086419753088,21.728395061728396,103.70370370370371,0.0,41.48148148148148,271.60493827160496,0.0,3.9506172839506175,0.9876543209876544,0.9876543209876544,0.0,3.9506172839506175,0.9876543209876544,4.938271604938272,0.9876543209876544,0.0,0.9876543209876544,0.9876543209876544
Crippy,8.0,1,0,1,0.0,1,0,0,0,0.0,0.0,3.0,16.0,73.0,12.0,14.0,5.0,5.0,27.0,1.0,21.0,97.0,0.0,38.0,188.0,0.0,5.0,4.0,3.0,0.0,1.0,0.0,3.0,2.0,0.0,1.0,-4.0,-0.5,0.375,2.0,9.125,1.5,1.75,0.625,0.625,3.375,0.047619047619047616,0.047619047619047616,0.1875,0.3125,0.1875,0.2,0.6,0.35714285714285715,4.5625,5.4,0.14361702127659576,3.0,16.0,73.0,12.0,14.0,5.0,5.0,27.0,1.0,21.0,97.0,0.0,38.0,188.0,0.0,5.0,4.0,3.0,0.0,1.0,0.0,3.0,2.0,0.0,1.0,-4.0
LogisticMap,8.0,1,1,0,1.0,0,1,0,1,0.0,1.0,1.0,5.0,15.0,4.0,5.0,12.0,12.0,124.0,2.0,21.0,59.0,0.0,22.0,202.0,0.0,2.0,1.0,1.0,0.0,5.0,1.0,5.0,1.0,0.0,0.0,4.0,0.5,0.125,0.625,1.875,0.5,0.625,1.5,1.5,15.5,0.09523809523809523,0.09523809523809523,0.2,0.4,0.2,0.4166666666666667,0.4166666666666667,2.4,3.0,10.333333333333334,0.6138613861386139,1.0,5.0,15.0,4.0,5.0,12.0,12.0,124.0,2.0,21.0,59.0,0.0,22.0,202.0,0.0,2.0,1.0,1.0,0.0,5.0,1.0,5.0,1.0,0.0,0.0,4.0
Mr awesome:),8.0,1,1,0,1.0,0,1,0,1,0.0,1.0,0.0,3.0,6.0,3.0,3.0,14.0,21.0,183.0,4.0,21.0,55.0,0.0,22.0,202.0,0.0,1.0,1.0,0.0,0.0,4.0,2.0,7.0,0.0,7.0,0.0,4.0,0.5,0.0,0.375,0.75,0.375,0.375,1.75,2.625,22.875,0.19047619047619047,0.19047619047619047,0.0,0.3333333333333333,0.0,0.2857142857142857,0.5,7.0,2.0,13.071428571428571,0.905940594059406,0.0,3.0,6.0,3.0,3.0,14.0,21.0,183.0,4.0,21.0,55.0,0.0,22.0,202.0,0.0,1.0,1.0,0.0,0.0,4.0,2.0,7.0,0.0,7.0,0.0,4.0
Booya Ball,8.0,1,0,1,0.0,1,0,0,0,0.0,0.0,0.0,6.0,14.0,6.0,8.0,7.0,7.0,24.0,3.0,21.0,111.0,0.0,44.0,364.0,0.0,2.0,2.0,1.0,0.0,0.0,0.0,0.0,2.0,0.0,0.0,-2.0,-0.25,0.0,0.75,1.75,0.75,1.0,0.875,0.875,3.0,0.14285714285714285,0.14285714285714285,0.0,0.3333333333333333,0.16666666666666666,0.0,0.0,0.875,2.3333333333333335,3.4285714285714284,0.06593406593406594,0.0,6.0,14.0,6.0,8.0,7.0,7.0,24.0,3.0,21.0,111.0,0.0,44.0,364.0,0.0,2.0,2.0,1.0,0.0,0.0,0.0,0.0,2.0,0.0,0.0,-2.0
DEAD NAN,8.0,1,1,0,1.0,0,1,0,1,0.0,1.0,0.0,6.0,64.0,6.0,7.0,14.0,14.0,60.0,3.0,21.0,71.0,0.0,28.0,323.0,1.0,0.0,0.0,0.0,0.0,4.0,1.0,3.0,1.0,0.0,0.0,2.0,0.25,0.0,0.75,8.0,0.75,0.875,1.75,1.75,7.5,0.14285714285714285,0.14285714285714285,0.0,0.0,0.0,0.2857142857142857,0.21428571428571427,2.0,10.666666666666666,4.285714285714286,0.18575851393188855,0.0,6.0,64.0,6.0,7.0,14.0,14.0,60.0,3.0,21.0,71.0,0.0,28.0,323.0,1.0,0.0,0.0,0.0,0.0,4.0,1.0,3.0,1.0,0.0,0.0,2.0
Korgmonkey,8.0,1,0,1,0.0,1,0,0,0,0.0,0.0,0.0,12.0,43.0,12.0,14.0,3.0,9.0,24.0,2.0,21.0,99.0,0.0,38.0,337.0,0.0,6.0,2.0,1.0,0.0,0.0,0.0,1.0,2.0,6.0,0.0,-2.0,-0.25,0.0,1.5,5.375,1.5,1.75,0.375,1.125,3.0,0.09523809523809523,0.09523809523809523,0.0,0.5,0.08333333333333333,0.0,0.3333333333333333,0.6428571428571429,3.5833333333333335,8.0,0.0712166172106825,0.0,12.0,43.0,12.0,14.0,3.0,9.0,24.0,2.0,21.0,99.0,0.0,38.0,337.0,0.0,6.0,2.0,1.0,0.0,0.0,0.0,1.0,2.0,6.0,0.0,-2.0
snackpack,8.0,1,0,1,0.0,0,1,0,0,0.0,0.0,1.0,14.0,63.0,13.0,14.0,8.0,8.0,16.0,0.0,21.0,118.0,0.0,46.0,267.0,0.0,4.0,1.0,0.0,0.0,0.0,0.0,1.0,1.0,0.0,0.0,-2.0,-0.25,0.125,1.75,7.875,1.625,1.75,1.0,1.0,2.0,0.0,0.0,0.07142857142857142,0.2857142857142857,0.0,0.0,0.125,0.5714285714285714,4.5,2.0,0.0599250936329588,1.0,14.0,63.0,13.0,14.0,8.0,8.0,16.0,0.0,21.0,118.0,0.0,46.0,267.0,0.0,4.0,1.0,0.0,0.0,0.0,0.0,1.0,1.0,0.0,0.0,-2.0
MoGGee,8.0,1,0,1,0.0,1,0,0,0,0.0,0.0,0.0,8.0,71.0,8.0,10.0,12.0,12.0,26.0,3.0,21.0,73.0,0.0,28.0,371.0,0.0,1.0,0.0,0.0,0.0,2.0,0.0,3.0,2.0,0.0,0.0,-2.0,-0.25,0.0,1.0,8.875,1.0,1.25,1.5,1.5,3.25,0.14285714285714285,0.14285714285714285,0.0,0.125,0.0,0.16666666666666666,0.25,1.2,8.875,2.1666666666666665,0.07008086253369272,0.0,8.0,71.0,8.0,10.0,12.0,12.0,26.0,3.0,21.0,73.0,0.0,28.0,371.0,0.0,1.0,0.0,0.0,0.0,2.0,0.0,3.0,2.0,0.0,0.0,-2.0
8-),8.0,1,1,0,1.0,0,1,0,1,0.0,1.0,2.0,12.0,102.0,10.0,10.0,8.0,8.0,31.0,2.0,21.0,101.0,0.0,40.0,323.0,1.0,3.0,1.0,1.0,0.0,0.0,0.0,0.0,0.0,0.0,0.0,2.0,0.25,0.25,1.5,12.75,1.25,1.25,1.0,1.0,3.875,0.09523809523809523,0.09523809523809523,0.16666666666666666,0.25,0.08333333333333333,0.0,0.0,0.8,8.5,3.875,0.09597523219814241,2.0,12.0,102.0,10.0,10.0,8.0,8.0,31.0,2.0,21.0,101.0,0.0,40.0,323.0,1.0,3.0,1.0,1.0,0.0,0.0,0.0,0.0,0.0,0.0,0.0,2.0
Phiip,8.0,1,1,0,1.0,1,0,1,0,1.0,0.0,1.0,7.0,43.0,6.0,7.0,9.0,13.0,52.0,2.0,21.0,59.0,0.0,22.0,271.0,0.0,1.0,0.0,0.0,0.0,4.0,0.0,5.0,1.0,4.0,0.0,2.0,0.25,0.125,0.875,5.375,0.75,0.875,1.125,1.625,6.5,0.09523809523809523,0.09523809523809523,0.14285714285714285,0.14285714285714285,0.0,0.4444444444444444,0.5555555555555556,1.8571428571428572,6.142857142857143,5.777777777777778,0.1918819188191882,1.0,7.0,43.0,6.0,7.0,9.0,13.0,52.0,2.0,21.0,59.0,0.0,22.0,271.0,0.0,1.0,0.0,0.0,0.0,4.0,0.0,5.0,1.0,4.0,0.0,2.0
broseph,8.0,1,1,0,1.0,1,0,1,0,1.0,0.0,0.0,5.0,41.0,5.0,7.0,15.0,15.0,78.0,1.0,21.0,60.0,0.0,24.0,271.0,0.0,0.0,0.0,0.0,0.0,5.0,1.0,5.0,2.0,0.0,0.0,2.0,0.25,0.0,0.625,5.125,0.625,0.875,1.875,1.875,9.75,0.047619047619047616,0.047619047619047616,0.0,0.0,0.0,0.3333333333333333,0.3333333333333333,2.142857142857143,8.2,5.2,0.2878228782287823,0.0,5.0,41.0,5.0,7.0,15.0,15.0,78.0,1.0,21.0,60.0,0.0,24.0,271.0,0.0,0.0,0.0,0.0,0.0,5.0,1.0,5.0,2.0,0.0,0.0,2.0
spills,8.0,1,0,1,0.0,1,0,0,0,0.0,0.0,0.0,13.0,118.0,13.0,16.0,2.0,2.0,1.0,0.0,21.0,97.0,0.0,38.0,371.0,2.0,3.0,1.0,1.0,0.0,1.0,0.0,1.0,3.0,0.0,0.0,-2.0,-0.25,0.0,1.625,14.75,1.625,2.0,0.25,0.25,0.125,0.0,0.0,0.0,0.23076923076923078,0.07692307692307693,0.5,0.5,0.125,9.076923076923077,0.5,0.0026954177897574125,0.0,13.0,118.0,13.0,16.0,2.0,2.0,1.0,0.0,21.0,97.0,0.0,38.0,371.0,2.0,3.0,1.0,1.0,0.0,1.0,0.0,1.0,3.0,0.0,0.0,-2.0
Jarek,8.0,1,1,0,1.0,0,1,0,1,0.0,1.0,2.0,10.0,118.0,8.0,8.0,5.0,7.0,25.0,5.0,21.0,83.0,0.0,32.0,379.0,3.0,2.0,1.0,1.0,0.0,1.0,0.0,1.0,0.0,2.0,0.0,2.0,0.25,0.25,1.25,14.75,1.0,1.0,0.625,0.875,3.125,0.23809523809523808,0.23809523809523808,0.2,0.2,0.1,0.2,0.2,0.875,11.8,5.0,0.06596306068601583,2.0,10.0,118.0,8.0,8.0,5.0,7.0,25.0,5.0,21.0,83.0,0.0,32.0,379.0,3.0,2.0,1.0,1.0,0.0,1.0,0.0,1.0,0.0,2.0,0.0,2.0
kyri swirvin,8.0,1,1,0,1.0,0,1,0,1,0.0,1.0,0.0,9.0,77.0,9.0,9.0,14.0,14.0,5.0,0.0,21.0,60.0,0.0,24.0,379.0,1.0,2.0,0.0,0.0,0.0,0.0,2.0,1.0,0.0,0.0,0.0,2.0,0.25,0.0,1.125,9.625,1.125,1.125,1.75,1.75,0.625,0.0,0.0,0.0,0.2222222222222222,0.0,0.0,0.07142857142857142,1.5555555555555556,8.555555555555555,0.35714285714285715,0.013192612137203167,0.0,9.0,77.0,9.0,9.0,14.0,14.0,5.0,0.0,21.0,60.0,0.0,24.0,379.0,1.0,2.0,0.0,0.0,0.0,0.0,2.0,1.0,0.0,0.0,0.0,2.0
tbiol,8.0,1,1,0,1.0,0,1,0,1,0.0,1.0,0.0,5.0,76.0,5.0,6.0,8.0,10.0,21.0,4.0,21.0,67.0,0.0,26.0,379.0,1.0,1.0,1.0,1.0,0.0,0.0,0.0,0.0,1.0,2.0,0.0,2.0,0.25,0.0,0.625,9.5,0.625,0.75,1.0,1.25,2.625,0.19047619047619047,0.19047619047619047,0.0,0.2,0.2,0.0,0.0,1.6666666666666667,15.2,2.625,0.055408970976253295,0.0,5.0,76.0,5.0,6.0,8.0,10.0,21.0,4.0,21.0,67.0,0.0,26.0,379.0,1.0,1.0,1.0,1.0,0.0,0.0,0.0,0.0,1.0,2.0,0.0,2.0
Zig!,8.0,1,0,1,0.0,1,0,0,0,0.0,0.0,0.0,12.0,25.0,12.0,16.0,11.0,11.0,99.0,1.0,21.0,106.0,0.0,42.0,188.0,0.0,8.0,0.0,0.0,0.0,3.0,0.0,5.0,4.0,0.0,0.0,-4.0,-0.5,0.0,1.5,3.125,1.5,2.0,1.375,1.375,12.375,0.047619047619047616,0.047619047619047616,0.0,0.6666666666666666,0.0,0.2727272727272727,0.45454545454545453,0.6875,2.0833333333333335,9.0,0.526595744680851,0.0,12.0,25.0,12.0,16.0,11.0,11.0,99.0,1.0,21.0,106.0,0.0,42.0,188.0,0.0,8.0,0.0,0.0,0.0,3.0,0.0,5.0,4.0,0.0,0.0,-4.0
ft,8.0,1,1,0,1.0,0,1,0,1,0.0,1.0,3.0,17.0,63.0,13.0,13.0,5.0,9.0,45.0,3.0,21.0,97.0,0.0,38.0,202.0,0.0,7.0,1.0,0.0,1.0,2.0,1.0,2.0,0.0,4.0,1.0,4.0,0.5,0.375,2.125,7.875,1.625,1.625,0.625,1.125,5.625,0.14285714285714285,0.14285714285714285,0.17647058823529413,0.4117647058823529,0.0,0.4,0.4,0.6923076923076923,3.7058823529411766,9.0,0.22277227722772278,3.0,17.0,63.0,13.0,13.0,5.0,9.0,45.0,3.0,21.0,97.0,0.0,38.0,202.0,0.0,7.0,1.0,0.0,1.0,2.0,1.0,2.0,0.0,4.0,1.0,4.0
whateveritis,8.0,1,1,0,1.0,1,0,1,0,1.0,0.0,0.0,4.0,34.0,4.0,6.0,9.0,12.0,44.0,3.0,21.0,59.0,0.0,22.0,326.0,0.0,1.0,0.0,0.0,0.0,2.0,0.0,2.0,2.0,3.0,0.0,2.0,0.25,0.0,0.5,4.25,0.5,0.75,1.125,1.5,5.5,0.14285714285714285,0.14285714285714285,0.0,0.25,0.0,0.2222222222222222,0.2222222222222222,2.0,8.5,4.888888888888889,0.13496932515337423,0.0,4.0,34.0,4.0,6.0,9.0,12.0,44.0,3.0,21.0,59.0,0.0,22.0,326.0,0.0,1.0,0.0,0.0,0.0,2.0,0.0,2.0,2.0,3.0,0.0,2.0
FFFlier,8.0,1,1,0,1.0,1,0,1,0,1.0,0.0,0.0,6.0,21.0,6.0,6.0,15.0,15.0,15.0,1.0,21.0,86.0,0.0,34.0,326.0,0.0,1.0,3.0,0.0,0.0,1.0,2.0,1.0,0.0,0.0,0.0,2.0,0.25,0.0,0.75,2.625,0.75,0.75,1.875,1.875,1.875,0.047619047619047616,0.047619047619047616,0.0,0.16666666666666666,0.0,0.06666666666666667,0.06666666666666667,2.5,3.5,1.0,0.046012269938650305,0.0,6.0,21.0,6.0,6.0,15.0,15.0,15.0,1.0,21.0,86.0,0.0,34.0,326.0,0.0,1.0,3.0,0.0,0.0,1.0,2.0,1.0,0.0,0.0,0.0,2.0
Marijuana,8.0,1,0,1,0.0,0,1,0,0,0.0,0.0,2.0,14.0,98.0,12.0,12.0,7.0,7.0,56.0,5.0,21.0,116.0,0.0,46.0,284.0,0.0,2.0,1.0,0.0,0.0,3.0,0.0,3.0,0.0,0.0,0.0,-2.0,-0.25,0.25,1.75,12.25,1.5,1.5,0.875,0.875,7.0,0.23809523809523808,0.23809523809523808,0.14285714285714285,0.14285714285714285,0.0,0.42857142857142855,0.42857142857142855,0.5833333333333334,7.0,8.0,0.19718309859154928,2.0,14.0,98.0,12.0,12.0,7.0,7.0,56.0,5.0,21.0,116.0,0.0,46.0,284.0,0.0,2.0,1.0,0.0,0.0,3.0,0.0,3.0,0.0,0.0,0.0,-2.0
cantstop,8.0,1,1,0,1.0,1,0,1,0,1.0,0.0,1.0,12.0,97.0,10.0,12.0,10.0,10.0,38.0,0.0,21.0,62.0,0.0,24.0,328.0,0.0,0.0,0.0,0.0,0.0,1.0,0.0,1.0,2.0,0.0,1.0,3.0,0.375,0.125,1.5,12.125,1.25,1.5,1.25,1.25,4.75,0.0,0.0,0.08333333333333333,0.0,0.0,0.1,0.1,0.8333333333333334,8.083333333333334,3.8,0.11585365853658537,1.0,12.0,97.0,10.0,12.0,10.0,10.0,38.0,0.0,21.0,62.0,0.0,24.0,328.0,0.0,0.0,0.0,0.0,0.0,1.0,0.0,1.0,2.0,0.0,1.0,3.0
nightball,8.0,1,1,0,1.0,0,1,0,1,0.0,1.0,2.0,10.0,49.0,8.0,11.0,9.0,11.0,59.0,3.0,21.0,101.0,0.0,40.0,282.0,0.0,1.0,0.0,0.0,0.0,3.0,1.0,2.0,3.0,2.0,0.0,1.0,0.125,0.25,1.25,6.125,1.0,1.375,1.125,1.375,7.375,0.14285714285714285,0.14285714285714285,0.2,0.1,0.0,0.3333333333333333,0.2222222222222222,1.0,4.9,6.555555555555555,0.20921985815602837,2.0,10.0,49.0,8.0,11.0,9.0,11.0,59.0,3.0,21.0,101.0,0.0,40.0,282.0,0.0,1.0,0.0,0.0,0.0,3.0,1.0,2.0,3.0,2.0,0.0,1.0
Belacqua,8.0,1,1,0,1.0,0,1,0,1,0.0,1.0,1.0,5.0,52.0,4.0,4.0,11.0,20.0,74.0,7.0,21.0,56.0,0.0,22.0,282.0,1.0,0.0,0.0,0.0,0.0,4.0,0.0,5.0,0.0,9.0,0.0,1.0,0.125,0.125,0.625,6.5,0.5,0.5,1.375,2.5,9.25,0.3333333333333333,0.3333333333333333,0.2,0.0,0.0,0.36363636363636365,0.45454545454545453,5.0,10.4,6.7272727272727275,0.2624113475177305,1.0,5.0,52.0,4.0,4.0,11.0,20.0,74.0,7.0,21.0,56.0,0.0,22.0,282.0,1.0,0.0,0.0,0.0,0.0,4.0,0.0,5.0,0.0,9.0,0.0,1.0
BobTheBob,8.0,1,0,1,0.0,0,1,0,0,0.0,0.0,1.0,8.0,36.0,7.0,10.0,11.0,11.0,87.0,2.0,21.0,60.0,0.0,24.0,284.0,0.0,3.0,1.0,1.0,0.0,3.0,1.0,4.0,3.0,0.0,0.0,-2.0,-0.25,0.125,1.0,4.5,0.875,1.25,1.375,1.375,10.875,0.09523809523809523,0.09523809523809523,0.125,0.375,0.125,0.2727272727272727,0.36363636363636365,1.1,4.5,7.909090909090909,0.30633802816901406,1.0,8.0,36.0,7.0,10.0,11.0,11.0,87.0,2.0,21.0,60.0,0.0,24.0,284.0,0.0,3.0,1.0,1.0,0.0,3.0,1.0,4.0,3.0,0.0,0.0,-2.0
T_Y,8.0,1,1,0,1.0,1,0,1,0,1.0,0.0,5.0,17.0,147.0,12.0,12.0,5.0,11.0,5.0,7.0,21.0,80.0,0.0,32.0,326.0,1.0,3.0,1.0,0.0,0.0,1.0,0.0,1.0,0.0,6.0,0.0,2.0,0.25,0.625,2.125,18.375,1.5,1.5,0.625,1.375,0.625,0.3333333333333333,0.3333333333333333,0.29411764705882354,0.17647058823529413,0.0,0.2,0.2,0.9166666666666666,8.647058823529411,1.0,0.015337423312883436,5.0,17.0,147.0,12.0,12.0,5.0,11.0,5.0,7.0,21.0,80.0,0.0,32.0,326.0,1.0,3.0,1.0,0.0,0.0,1.0,0.0,1.0,0.0,6.0,0.0,2.0
aeps002,8.0,1,0,1,0.0,0,1,0,0,0.0,0.0,1.0,14.0,99.0,13.0,15.0,5.0,5.0,38.0,0.0,21.0,112.0,0.0,44.0,284.0,0.0,1.0,1.0,0.0,0.0,1.0,0.0,1.0,2.0,0.0,0.0,-2.0,-0.25,0.125,1.75,12.375,1.625,1.875,0.625,0.625,4.75,0.0,0.0,0.07142857142857142,0.07142857142857142,0.0,0.2,0.2,0.3333333333333333,7.071428571428571,7.6,0.13380281690140844,1.0,14.0,99.0,13.0,15.0,5.0,5.0,38.0,0.0,21.0,112.0,0.0,44.0,284.0,0.0,1.0,1.0,0.0,0.0,1.0,0.0,1.0,2.0,0.0,0.0,-2.0
Anti_Social,8.0,1,0,1,0.0,0,1,0,0,0.0,0.0,1.0,10.0,62.0,9.0,10.0,7.0,10.0,37.0,4.0,21.0,108.0,0.0,42.0,340.0,0.0,1.0,1.0,1.0,0.0,1.0,0.0,1.0,1.0,3.0,0.0,-3.0,-0.375,0.125,1.25,7.75,1.125,1.25,0.875,1.25,4.625,0.19047619047619047,0.19047619047619047,0.1,0.1,0.1,0.14285714285714285,0.14285714285714285,1.0,6.2,5.285714285714286,0.10882352941176471,1.0,10.0,62.0,9.0,10.0,7.0,10.0,37.0,4.0,21.0,108.0,0.0,42.0,340.0,0.0,1.0,1.0,1.0,0.0,1.0,0.0,1.0,1.0,3.0,0.0,-3.0
`~`,8.0,1,0,1,0.0,0,1,0,0,0.0,0.0,0.0,12.0,73.0,12.0,12.0,2.0,2.0,20.0,2.0,21.0,98.0,0.0,38.0,375.0,0.0,4.0,1.0,1.0,0.0,0.0,0.0,1.0,0.0,0.0,0.0,-2.0,-0.25,0.0,1.5,9.125,1.5,1.5,0.25,0.25,2.5,0.09523809523809523,0.09523809523809523,0.0,0.3333333333333333,0.08333333333333333,0.0,0.5,0.16666666666666666,6.083333333333333,10.0,0.05333333333333334,0.0,12.0,73.0,12.0,12.0,2.0,2.0,20.0,2.0,21.0,98.0,0.0,38.0,375.0,0.0,4.0,1.0,1.0,0.0,0.0,0.0,1.0,0.0,0.0,0.0,-2.0
DadFane,8.0,1,0,1,0.0,0,1,0,0,0.0,0.0,0.0,11.0,124.0,11.0,11.0,7.0,7.0,8.0,2.0,21.0,78.0,0.0,30.0,375.0,3.0,4.0,2.0,1.0,0.0,1.0,0.0,2.0,0.0,0.0,0.0,-2.0,-0.25,0.0,1.375,15.5,1.375,1.375,0.875,0.875,1.0,0.09523809523809523,0.09523809523809523,0.0,0.36363636363636365,0.09090909090909091,0.14285714285714285,0.2857142857142857,0.6363636363636364,11.272727272727273,1.1428571428571428,0.021333333333333333,0.0,11.0,124.0,11.0,11.0,7.0,7.0,8.0,2.0,21.0,78.0,0.0,30.0,375.0,3.0,4.0,2.0,1.0,0.0,1.0,0.0,2.0,0.0,0.0,0.0,-2.0
mmmbogy,8.0,1,0,1,0.0,0,1,0,0,0.0,0.0,0.0,10.0,90.0,10.0,12.0,9.0,9.0,11.0,2.0,21.0,73.0,0.0,28.0,375.0,0.0,0.0,0.0,0.0,0.0,1.0,0.0,2.0,2.0,0.0,0.0,-2.0,-0.25,0.0,1.25,11.25,1.25,1.5,1.125,1.125,1.375,0.09523809523809523,0.09523809523809523,0.0,0.0,0.0,0.1111111111111111,0.2222222222222222,0.75,9.0,1.2222222222222223,0.029333333333333333,0.0,10.0,90.0,10.0,12.0,9.0,9.0,11.0,2.0,21.0,73.0,0.0,28.0,375.0,0.0,0.0,0.0,0.0,0.0,1.0,0.0,2.0,2.0,0.0,0.0,-2.0
havok,8.0,1,0,1,0.0,0,1,0,0,0.0,0.0,0.0,7.0,58.0,7.0,8.0,14.0,17.0,25.0,4.0,21.0,65.0,0.0,26.0,375.0,0.0,0.0,0.0,0.0,0.0,4.0,0.0,4.0,1.0,3.0,0.0,-2.0,-0.25,0.0,0.875,7.25,0.875,1.0,1.75,2.125,3.125,0.19047619047619047,0.19047619047619047,0.0,0.0,0.0,0.2857142857142857,0.2857142857142857,2.125,8.285714285714286,1.7857142857142858,0.06666666666666667,0.0,7.0,58.0,7.0,8.0,14.0,17.0,25.0,4.0,21.0,65.0,0.0,26.0,375.0,0.0,0.0,0.0,0.0,0.0,4.0,0.0,4.0,1.0,3.0,0.0,-2.0
Color Blind,8.0,1,1,0,1.0,1,0,1,0,1.0,0.0,0.0,8.0,59.0,8.0,9.0,17.0,17.0,14.0,3.0,21.0,89.0,0.0,34.0,345.0,0.0,2.0,1.0,0.0,0.0,3.0,1.0,5.0,1.0,0.0,0.0,2.0,0.25,0.0,1.0,7.375,1.0,1.125,2.125,2.125,1.75,0.14285714285714285,0.14285714285714285,0.0,0.25,0.0,0.17647058823529413,0.29411764705882354,1.8888888888888888,7.375,0.8235294117647058,0.04057971014492753,0.0,8.0,59.0,8.0,9.0,17.0,17.0,14.0,3.0,21.0,89.0,0.0,34.0,345.0,0.0,2.0,1.0,0.0,0.0,3.0,1.0,5.0,1.0,0.0,0.0,2.0
drewfa,8.0,1,1,0,1.0,1,0,1,0,1.0,0.0,1.0,11.0,183.0,10.0,10.0,4.0,4.0,21.0,2.0,21.0,80.0,0.0,32.0,345.0,3.0,0.0,1.0,1.0,0.0,1.0,0.0,1.0,0.0,0.0,0.0,2.0,0.25,0.125,1.375,22.875,1.25,1.25,0.5,0.5,2.625,0.09523809523809523,0.09523809523809523,0.09090909090909091,0.0,0.09090909090909091,0.25,0.25,0.4,16.636363636363637,5.25,0.06086956521739131,1.0,11.0,183.0,10.0,10.0,4.0,4.0,21.0,2.0,21.0,80.0,0.0,32.0,345.0,3.0,0.0,1.0,1.0,0.0,1.0,0.0,1.0,0.0,0.0,0.0,2.0
Billy,8.0,1,1,0,1.0,0,1,0,1,0.0,1.0,0.0,9.0,38.0,9.0,12.0,5.0,17.0,44.0,7.0,21.0,53.0,0.0,20.0,284.0,0.0,4.0,2.0,0.0,0.0,0.0,0.0,1.0,3.0,12.0,0.0,1.0,0.125,0.0,1.125,4.75,1.125,1.5,0.625,2.125,5.5,0.3333333333333333,0.3333333333333333,0.0,0.4444444444444444,0.0,0.0,0.2,1.4166666666666667,4.222222222222222,8.8,0.15492957746478872,0.0,9.0,38.0,9.0,12.0,5.0,17.0,44.0,7.0,21.0,53.0,0.0,20.0,284.0,0.0,4.0,2.0,0.0,0.0,0.0,0.0,1.0,3.0,12.0,0.0,1.0
helprefugees,8.0,1,0,1,0.0,1,0,0,0,0.0,0.0,1.0,10.0,66.0,9.0,13.0,5.0,5.0,73.0,1.0,21.0,77.0,0.0,30.0,254.0,0.0,1.0,0.0,0.0,0.0,0.0,0.0,0.0,4.0,0.0,0.0,-1.0,-0.125,0.125,1.25,8.25,1.125,1.625,0.625,0.625,9.125,0.047619047619047616,0.047619047619047616,0.1,0.1,0.0,0.0,0.0,0.38461538461538464,6.6,14.6,0.2874015748031496,1.0,10.0,66.0,9.0,13.0,5.0,5.0,73.0,1.0,21.0,77.0,0.0,30.0,254.0,0.0,1.0,0.0,0.0,0.0,0.0,0.0,0.0,4.0,0.0,0.0,-1.0
wallsquirrel,8.0,1,1,0,1.0,1,0,1,0,1.0,0.0,0.0,9.0,47.0,9.0,12.0,11.0,11.0,36.0,2.0,21.0,92.0,0.0,36.0,303.0,0.0,2.0,1.0,1.0,0.0,3.0,0.0,3.0,3.0,0.0,0.0,2.0,0.25,0.0,1.125,5.875,1.125,1.5,1.375,1.375,4.5,0.09523809523809523,0.09523809523809523,0.0,0.2222222222222222,0.1111111111111111,0.2727272727272727,0.2727272727272727,0.9166666666666666,5.222222222222222,3.272727272727273,0.1188118811881188,0.0,9.0,47.0,9.0,12.0,11.0,11.0,36.0,2.0,21.0,92.0,0.0,36.0,303.0,0.0,2.0,1.0,1.0,0.0,3.0,0.0,3.0,3.0,0.0,0.0,2.0
Madoka,8.0,1,0,1,0.0,1,0,0,0,0.0,0.0,0.0,3.0,56.0,3.0,14.0,17.0,20.0,97.0,3.0,21.0,67.0,0.0,26.0,254.0,2.0,0.0,1.0,0.0,0.0,9.0,0.0,10.0,11.0,3.0,0.0,-1.0,-0.125,0.0,0.375,7.0,0.375,1.75,2.125,2.5,12.125,0.14285714285714285,0.14285714285714285,0.0,0.0,0.0,0.5294117647058824,0.5882352941176471,1.4285714285714286,18.666666666666668,5.705882352941177,0.38188976377952755,0.0,3.0,56.0,3.0,14.0,17.0,20.0,97.0,3.0,21.0,67.0,0.0,26.0,254.0,2.0,0.0,1.0,0.0,0.0,9.0,0.0,10.0,11.0,3.0,0.0,-1.0
Jer32,8.0,1,1,0,1.0,0,1,0,1,0.0,1.0,3.0,12.0,108.0,9.0,14.0,3.0,3.0,19.0,3.0,21.0,111.0,0.0,44.0,316.0,2.0,3.0,2.0,1.0,0.0,1.0,0.0,2.0,5.0,0.0,0.0,2.0,0.25,0.375,1.5,13.5,1.125,1.75,0.375,0.375,2.375,0.14285714285714285,0.14285714285714285,0.25,0.25,0.08333333333333333,0.3333333333333333,0.6666666666666666,0.21428571428571427,9.0,6.333333333333333,0.060126582278481014,3.0,12.0,108.0,9.0,14.0,3.0,3.0,19.0,3.0,21.0,111.0,0.0,44.0,316.0,2.0,3.0,2.0,1.0,0.0,1.0,0.0,2.0,5.0,0.0,0.0,2.0
FreeFalastin,8.0,1,0,1,0.0,1,0,0,0,0.0,0.0,1.0,15.0,95.0,13.0,13.0,10.0,12.0,12.0,4.0,21.0,142.0,0.0,56.0,364.0,1.0,6.0,0.0,0.0,0.0,2.0,1.0,1.0,0.0,2.0,1.0,-2.0,-0.25,0.125,1.875,11.875,1.625,1.625,1.25,1.5,1.5,0.19047619047619047,0.19047619047619047,0.06666666666666667,0.4,0.0,0.2,0.1,0.9230769230769231,6.333333333333333,1.2,0.03296703296703297,1.0,15.0,95.0,13.0,13.0,10.0,12.0,12.0,4.0,21.0,142.0,0.0,56.0,364.0,1.0,6.0,0.0,0.0,0.0,2.0,1.0,1.0,0.0,2.0,1.0,-2.0
Boat,8.0,1,1,0,1.0,1,0,1,0,1.0,0.0,3.0,14.0,77.0,11.0,13.0,7.0,7.0,78.0,2.0,21.0,84.0,0.0,32.0,275.0,1.0,5.0,5.0,3.0,0.0,4.0,0.0,4.0,2.0,0.0,0.0,3.0,0.375,0.375,1.75,9.625,1.375,1.625,0.875,0.875,9.75,0.09523809523809523,0.09523809523809523,0.21428571428571427,0.35714285714285715,0.21428571428571427,0.5714285714285714,0.5714285714285714,0.5384615384615384,5.5,11.142857142857142,0.28363636363636363,3.0,14.0,77.0,11.0,13.0,7.0,7.0,78.0,2.0,21.0,84.0,0.0,32.0,275.0,1.0,5.0,5.0,3.0,0.0,4.0,0.0,4.0,2.0,0.0,0.0,3.0
danp,8.0,1,1,0,1.0,1,0,1,0,1.0,0.0,2.0,13.0,88.0,10.0,10.0,13.0,14.0,13.0,4.0,21.0,83.0,0.0,32.0,275.0,1.0,2.0,1.0,0.0,1.0,4.0,1.0,4.0,0.0,1.0,1.0,3.0,0.375,0.25,1.625,11.0,1.25,1.25,1.625,1.75,1.625,0.19047619047619047,0.19047619047619047,0.15384615384615385,0.15384615384615385,0.0,0.3076923076923077,0.3076923076923077,1.4,6.769230769230769,1.0,0.04727272727272727,2.0,13.0,88.0,10.0,10.0,13.0,14.0,13.0,4.0,21.0,83.0,0.0,32.0,275.0,1.0,2.0,1.0,0.0,1.0,4.0,1.0,4.0,0.0,1.0,1.0,3.0
Toidi,8.0,1,0,1,0.0,0,1,0,0,0.0,0.0,0.0,10.0,36.0,10.0,12.0,15.0,15.0,90.0,0.0,21.0,133.0,0.0,52.0,279.0,0.0,5.0,2.0,1.0,0.0,4.0,1.0,8.0,2.0,0.0,0.0,-3.0,-0.375,0.0,1.25,4.5,1.25,1.5,1.875,1.875,11.25,0.0,0.0,0.0,0.5,0.1,0.26666666666666666,0.5333333333333333,1.25,3.6,6.0,0.3225806451612903,0.0,10.0,36.0,10.0,12.0,15.0,15.0,90.0,0.0,21.0,133.0,0.0,52.0,279.0,0.0,5.0,2.0,1.0,0.0,4.0,1.0,8.0,2.0,0.0,0.0,-3.0
smoji_,7.9,1,1,0,1.0,0,1,0,1,0.0,1.0,1.0,9.0,38.0,8.0,11.0,11.0,13.0,18.0,1.0,21.0,78.0,0.0,30.0,284.0,0.0,3.0,1.0,0.0,1.0,1.0,1.0,1.0,3.0,2.0,0.0,1.0,0.12658227848101264,0.12658227848101264,1.1392405063291138,4.810126582278481,1.0126582278481011,1.3924050632911391,1.3924050632911391,1.6455696202531644,2.2784810126582276,0.047619047619047616,0.047619047619047616,0.1111111111111111,0.3333333333333333,0.0,0.09090909090909091,0.09090909090909091,1.1818181818181819,4.222222222222222,1.6363636363636365,0.06338028169014084,1.0126582278481011,9.11392405063291,38.48101265822785,8.101265822784809,11.139240506329113,11.139240506329113,13.164556962025316,18.22784810126582,1.0126582278481011,21.265822784810126,78.9873417721519,0.0,30.379746835443036,287.59493670886076,0.0,3.0379746835443036,1.0126582278481011,0.0,1.0126582278481011,1.0126582278481011,1.0126582278481011,1.0126582278481011,3.0379746835443036,2.0253164556962022,0.0,1.0126582278481011
cantab,7.8999999999999995,2,0,2,0.0,0,2,0,0,0.0,0.0,1.0,13.0,99.0,12.0,13.0,1.0,5.0,11.0,3.0,21.0,89.0,0.0,34.0,336.0,0.0,2.0,1.0,1.0,0.0,0.0,0.0,0.0,1.0,4.0,0.0,-6.0,-0.759493670886076,0.12658227848101267,1.6455696202531647,12.531645569620254,1.518987341772152,1.6455696202531647,0.12658227848101267,0.6329113924050633,1.3924050632911393,0.14285714285714285,0.14285714285714285,0.07692307692307693,0.15384615384615385,0.07692307692307693,0.0,0.0,0.38461538461538464,7.615384615384615,11.0,0.03273809523809524,1.0126582278481013,13.164556962025317,100.25316455696203,12.151898734177216,13.164556962025317,1.0126582278481013,5.063291139240507,11.139240506329115,3.037974683544304,21.26582278481013,90.12658227848102,0.0,34.43037974683545,340.2531645569621,0.0,2.0253164556962027,1.0126582278481013,1.0126582278481013,0.0,0.0,0.0,0.0,1.0126582278481013,4.050632911392405,0.0,-6.075949367088608
LilB:BallGod,7.8,1,0,1,0.0,0,1,0,0,0.0,0.0,0.0,9.0,42.0,9.0,11.0,9.0,12.0,28.0,2.0,21.0,77.0,0.0,30.0,341.0,0.0,2.0,1.0,1.0,0.0,1.0,0.0,2.0,2.0,3.0,0.0,-2.0,-0.25641025641025644,0.0,1.153846153846154,5.384615384615385,1.153846153846154,1.4102564102564104,1.153846153846154,1.5384615384615385,3.58974358974359,0.09523809523809523,0.09523809523809523,0.0,0.2222222222222222,0.1111111111111111,0.1111111111111111,0.2222222222222222,1.0909090909090908,4.666666666666667,3.111111111111111,0.08211143695014662,0.0,9.230769230769232,43.07692307692308,9.230769230769232,11.282051282051283,9.230769230769232,12.307692307692308,28.71794871794872,2.0512820512820515,21.53846153846154,78.97435897435898,0.0,30.76923076923077,349.7435897435897,0.0,2.0512820512820515,1.0256410256410258,1.0256410256410258,0.0,1.0256410256410258,0.0,2.0512820512820515,2.0512820512820515,3.076923076923077,0.0,-2.0512820512820515
MRCOW,7.8,1,1,0,1.0,1,0,1,0,1.0,0.0,0.0,9.0,37.0,9.0,11.0,11.0,11.0,21.0,0.0,21.0,68.0,0.0,26.0,345.0,0.0,3.0,3.0,3.0,0.0,3.0,0.0,3.0,2.0,0.0,0.0,2.0,0.25641025641025644,0.0,1.153846153846154,4.743589743589744,1.153846153846154,1.4102564102564104,1.4102564102564104,1.4102564102564104,2.6923076923076925,0.0,0.0,0.0,0.3333333333333333,0.3333333333333333,0.2727272727272727,0.2727272727272727,1.0,4.111111111111111,1.9090909090909092,0.06086956521739131,0.0,9.230769230769232,37.94871794871795,9.230769230769232,11.282051282051283,11.282051282051283,11.282051282051283,21.53846153846154,0.0,21.53846153846154,69.74358974358975,0.0,26.666666666666668,353.84615384615387,0.0,3.076923076923077,3.076923076923077,3.076923076923077,0.0,3.076923076923077,0.0,3.076923076923077,2.0512820512820515,0.0,0.0,2.0512820512820515
dewgazi,7.6,1,0,1,0.0,0,1,0,0,0.0,0.0,1.0,8.0,48.0,7.0,11.0,12.0,13.0,74.0,3.0,21.0,52.0,0.0,20.0,300.0,0.0,2.0,1.0,1.0,1.0,2.0,0.0,4.0,4.0,1.0,0.0,-5.0,-0.6578947368421053,0.13157894736842105,1.0526315789473684,6.315789473684211,0.9210526315789475,1.4473684210526316,1.5789473684210527,1.7105263157894737,9.736842105263158,0.14285714285714285,0.14285714285714285,0.125,0.25,0.125,0.16666666666666666,0.3333333333333333,1.1818181818181819,6.0,6.166666666666667,0.24666666666666667,1.0526315789473684,8.421052631578947,50.526315789473685,7.36842105263158,11.578947368421053,12.631578947368421,13.68421052631579,77.89473684210526,3.1578947368421053,22.105263157894736,54.73684210526316,0.0,21.05263157894737,315.7894736842105,0.0,2.1052631578947367,1.0526315789473684,1.0526315789473684,1.0526315789473684,2.1052631578947367,0.0,4.2105263157894735,4.2105263157894735,1.0526315789473684,0.0,-5.2631578947368425
sicky,7.6,1,1,0,1.0,1,0,1,0,1.0,0.0,2.0,7.0,55.0,5.0,9.0,14.0,21.0,23.0,5.0,21.0,62.0,0.0,24.0,330.0,0.0,0.0,0.0,0.0,0.0,2.0,1.0,2.0,4.0,7.0,0.0,5.0,0.6578947368421053,0.2631578947368421,0.9210526315789475,7.236842105263158,0.6578947368421053,1.1842105263157896,1.842105263157895,2.763157894736842,3.0263157894736845,0.23809523809523808,0.23809523809523808,0.2857142857142857,0.0,0.0,0.14285714285714285,0.14285714285714285,2.3333333333333335,7.857142857142857,1.6428571428571428,0.0696969696969697,2.1052631578947367,7.36842105263158,57.89473684210527,5.2631578947368425,9.473684210526317,14.73684210526316,22.105263157894736,24.210526315789476,5.2631578947368425,22.105263157894736,65.26315789473685,0.0,25.263157894736842,347.3684210526316,0.0,0.0,0.0,0.0,0.0,2.1052631578947367,1.0526315789473684,2.1052631578947367,4.2105263157894735,7.36842105263158,0.0,5.2631578947368425
555555555555,7.6,1,1,0,1.0,1,0,1,0,1.0,0.0,2.0,8.0,47.0,6.0,9.0,10.0,10.0,15.0,0.0,21.0,45.0,0.0,18.0,330.0,0.0,2.0,1.0,1.0,0.0,1.0,0.0,2.0,3.0,0.0,0.0,5.0,0.6578947368421053,0.2631578947368421,1.0526315789473684,6.184210526315789,0.7894736842105263,1.1842105263157896,1.3157894736842106,1.3157894736842106,1.973684210526316,0.0,0.0,0.25,0.25,0.125,0.1,0.2,1.1111111111111112,5.875,1.5,0.045454545454545456,2.1052631578947367,8.421052631578947,49.473684210526315,6.315789473684211,9.473684210526317,10.526315789473685,10.526315789473685,15.789473684210527,0.0,22.105263157894736,47.36842105263158,0.0,18.947368421052634,347.3684210526316,0.0,2.1052631578947367,1.0526315789473684,1.0526315789473684,0.0,1.0526315789473684,0.0,2.1052631578947367,3.1578947368421053,0.0,0.0,5.2631578947368425
NUTSNUTSNUTS,7.6,1,0,1,0.0,0,1,0,0,0.0,0.0,0.0,15.0,132.0,15.0,19.0,3.0,3.0,4.0,1.0,21.0,100.0,0.0,40.0,300.0,1.0,1.0,4.0,2.0,0.0,0.0,0.0,0.0,4.0,0.0,0.0,-5.0,-0.6578947368421053,0.0,1.973684210526316,17.36842105263158,1.973684210526316,2.5,0.39473684210526316,0.39473684210526316,0.5263157894736842,0.047619047619047616,0.047619047619047616,0.0,0.06666666666666667,0.13333333333333333,0.0,0.0,0.15789473684210525,8.8,1.3333333333333333,0.013333333333333334,0.0,15.789473684210527,138.94736842105263,15.789473684210527,20.0,3.1578947368421053,3.1578947368421053,4.2105263157894735,1.0526315789473684,22.105263157894736,105.26315789473685,0.0,42.10526315789474,315.7894736842105,1.0526315789473684,1.0526315789473684,4.2105263157894735,2.1052631578947367,0.0,0.0,0.0,0.0,4.2105263157894735,0.0,0.0,-5.2631578947368425
ObliqueOwl,7.6,1,1,0,1.0,1,0,1,0,1.0,0.0,2.0,8.0,114.0,6.0,7.0,7.0,13.0,19.0,2.0,21.0,46.0,0.0,18.0,330.0,2.0,1.0,0.0,0.0,0.0,0.0,0.0,2.0,1.0,6.0,0.0,5.0,0.6578947368421053,0.2631578947368421,1.0526315789473684,15.0,0.7894736842105263,0.9210526315789475,0.9210526315789475,1.7105263157894737,2.5,0.09523809523809523,0.09523809523809523,0.25,0.125,0.0,0.0,0.2857142857142857,1.8571428571428572,14.25,2.7142857142857144,0.05757575757575758,2.1052631578947367,8.421052631578947,120.0,6.315789473684211,7.36842105263158,7.36842105263158,13.68421052631579,20.0,2.1052631578947367,22.105263157894736,48.42105263157895,0.0,18.947368421052634,347.3684210526316,2.1052631578947367,1.0526315789473684,0.0,0.0,0.0,0.0,0.0,2.1052631578947367,1.0526315789473684,6.315789473684211,0.0,5.2631578947368425
@pro,0.9,1,1,0,1.0,1,0,1,0,1.0,0.0,1.0,1.0,4.0,0.0,0.0,3.0,3.0,11.0,0.0,0.0,0.0,0.0,0.0,13.0,0.0,0.0,0.0,0.0,1.0,3.0,0.0,3.0,0.0,0.0,0.0,1.0,1.1111111111111112,1.1111111111111112,1.1111111111111112,4.444444444444445,0.0,0.0,3.333333333333333,3.333333333333333,12.222222222222221,0.0,0.0,1.0,0.0,0.0,1.0,1.0,0.0,4.0,3.6666666666666665,0.8461538461538461,8.88888888888889,8.88888888888889,35.55555555555556,0.0,0.0,26.666666666666664,26.666666666666664,97.77777777777777,0.0,0.0,0.0,0.0,0.0,115.55555555555556,0.0,0.0,0.0,0.0,8.88888888888889,26.666666666666664,0.0,26.666666666666664,0.0,0.0,0.0,8.88888888888889
MURF,0.9,1,0,1,0.0,0,1,0,0,0.0,0.0,0.0,1.0,1.0,1.0,1.0,0.0,0.0,11.0,0.0,0.0,5.0,0.0,2.0,21.0,0.0,1.0,0.0,0.0,0.0,0.0,0.0,0.0,0.0,0.0,0.0,-1.0,-1.1111111111111112,0.0,1.1111111111111112,1.1111111111111112,1.1111111111111112,1.1111111111111112,0.0,0.0,12.222222222222221,0.0,0.0,0.0,1.0,0.0,0.0,0.0,0.0,1.0,0.0,0.5238095238095238,0.0,8.88888888888889,8.88888888888889,8.88888888888889,8.88888888888889,0.0,0.0,97.77777777777777,0.0,0.0,44.44444444444444,0.0,17.77777777777778,186.66666666666666,0.0,8.88888888888889,0.0,0.0,0.0,0.0,0.0,0.0,0.0,0.0,0.0,-8.88888888888889
jerm,0.9,1,1,0,1.0,1,0,1,0,1.0,0.0,0.0,0.0,0.0,0.0,1.0,2.0,2.0,18.0,0.0,0.0,5.0,0.0,2.0,13.0,0.0,0.0,0.0,0.0,0.0,1.0,0.0,1.0,1.0,0.0,0.0,1.0,1.1111111111111112,0.0,0.0,0.0,0.0,1.1111111111111112,2.2222222222222223,2.2222222222222223,20.0,0.0,0.0,0.0,0.0,0.0,0.5,0.5,2.0,0.0,9.0,1.3846153846153846,0.0,0.0,0.0,0.0,8.88888888888889,17.77777777777778,17.77777777777778,160.0,0.0,0.0,44.44444444444444,0.0,17.77777777777778,115.55555555555556,0.0,0.0,0.0,0.0,0.0,8.88888888888889,0.0,8.88888888888889,8.88888888888889,0.0,0.0,8.88888888888889
Squeeb,0.9,1,1,0,1.0,1,0,1,0,1.0,0.0,0.0,3.0,17.0,2.0,2.0,3.0,3.0,0.0,0.0,0.0,10.0,0.0,4.0,13.0,0.0,1.0,1.0,0.0,0.0,3.0,1.0,3.0,0.0,0.0,1.0,1.0,1.1111111111111112,0.0,3.333333333333333,18.88888888888889,2.2222222222222223,2.2222222222222223,3.333333333333333,3.333333333333333,0.0,0.0,0.0,0.0,0.3333333333333333,0.0,1.0,1.0,1.5,5.666666666666667,0.0,0.0,0.0,26.666666666666664,151.11111111111111,17.77777777777778,17.77777777777778,26.666666666666664,26.666666666666664,0.0,0.0,0.0,88.88888888888889,0.0,35.55555555555556,115.55555555555556,0.0,8.88888888888889,8.88888888888889,0.0,0.0,26.666666666666664,8.88888888888889,26.666666666666664,0.0,0.0,8.88888888888889,8.88888888888889
JukeBerallta,0.9,1,0,1,0.0,0,1,0,0,0.0,0.0,0.0,1.0,0.0,1.0,1.0,1.0,1.0,0.0,0.0,0.0,5.0,0.0,2.0,36.0,0.0,1.0,0.0,0.0,0.0,0.0,0.0,0.0,0.0,0.0,0.0,-2.0,-2.2222222222222223,0.0,1.1111111111111112,0.0,1.1111111111111112,1.1111111111111112,1.1111111111111112,1.1111111111111112,0.0,0.0,0.0,0.0,1.0,0.0,0.0,0.0,1.0,0.0,0.0,0.0,0.0,8.88888888888889,0.0,8.88888888888889,8.88888888888889,8.88888888888889,8.88888888888889,0.0,0.0,0.0,44.44444444444444,0.0,17.77777777777778,320.0,0.0,8.88888888888889,0.0,0.0,0.0,0.0,0.0,0.0,0.0,0.0,0.0,-17.77777777777778
cherryrammer,0.9,1,1,0,1.0,1,0,1,0,1.0,0.0,0.0,0.0,0.0,0.0,0.0,4.0,4.0,33.0,0.0,0.0,5.0,0.0,2.0,12.0,0.0,0.0,0.0,0.0,0.0,2.0,0.0,3.0,0.0,0.0,0.0,2.0,2.2222222222222223,0.0,0.0,0.0,0.0,0.0,4.444444444444445,4.444444444444445,36.666666666666664,0.0,0.0,0.0,0.0,0.0,0.5,0.75,0.0,0.0,8.25,2.75,0.0,0.0,0.0,0.0,0.0,35.55555555555556,35.55555555555556,293.3333333333333,0.0,0.0,44.44444444444444,0.0,17.77777777777778,106.66666666666666,0.0,0.0,0.0,0.0,0.0,17.77777777777778,0.0,26.666666666666664,0.0,0.0,0.0,17.77777777777778
JBaay,0.9,1,1,0,1.0,1,0,1,0,1.0,0.0,2.0,2.0,23.0,0.0,0.0,0.0,0.0,8.0,0.0,0.0,5.0,0.0,2.0,12.0,0.0,0.0,0.0,0.0,0.0,0.0,0.0,0.0,0.0,0.0,0.0,2.0,2.2222222222222223,2.2222222222222223,2.2222222222222223,25.555555555555554,0.0,0.0,0.0,0.0,8.88888888888889,0.0,0.0,1.0,0.0,0.0,0.0,0.0,0.0,11.5,0.0,0.6666666666666666,17.77777777777778,17.77777777777778,204.44444444444443,0.0,0.0,0.0,0.0,71.11111111111111,0.0,0.0,44.44444444444444,0.0,17.77777777777778,106.66666666666666,0.0,0.0,0.0,0.0,0.0,0.0,0.0,0.0,0.0,0.0,0.0,17.77777777777778
my fault,0.3,1,1,0,1.0,1,0,1,0,1.0,0.0,0.0,0.0,0.0,0.0,0.0,0.0,0.0,4.0,0.0,0.0,0.0,0.0,0.0,13.0,0.0,0.0,0.0,0.0,0.0,0.0,0.0,0.0,0.0,0.0,0.0,0.0,0.0,0.0,0.0,0.0,0.0,0.0,0.0,0.0,13.333333333333334,0.0,0.0,0.0,0.0,0.0,0.0,0.0,0.0,0.0,0.0,0.3076923076923077,0.0,0.0,0.0,0.0,0.0,0.0,0.0,106.66666666666667,0.0,0.0,0.0,0.0,0.0,346.6666666666667,0.0,0.0,0.0,0.0,0.0,0.0,0.0,0.0,0.0,0.0,0.0,0.0
