Player,Minutes,CD,Captures,Grabs,Hold,Drops,Pops,Returns,Tags,Prevent,Pups,Pups Available,Block,Button,Support,Hold Against,K/D,Pup %,Score %,NDPops,NRTags,KF,Hold/Grab,Prevent/Return,Prevent/Hold Against,Long Holds,Flaccids,Handoffs,Good Handoffs,Captures off Handoffs,Quick Returns,Key Returns,Returns in Base,Flaccid %,Chain %,QR %,RIB %,CD/Min,Captures/Min,Grabs/Min,Hold/Min,Drops/Min,Pops/Min,Returns/Min,Tags/Min,Prevent/Min,Pups/Min
#SelfySyntax,49.1,1,7,87,572,79,83,44,62,151,10,91,533,45,217,1584,0.75,10.99,8.05,4,18,1,6.57,3.43,0.1,7,31,9,2,1,14,2,16,35.63,22.22,31.82,36.36,0.02,0.14,1.77,11.65,1.61,1.69,0.9,1.26,3.08,0.2
/~,55.4,-6,1,86,721,85,99,42,51,126,8,107,660,5,261,2292,0.52,7.48,1.16,14,9,0,8.38,3.0,0.05,10,23,8,3,0,2,2,4,26.74,37.5,4.76,9.52,-0.11,0.02,1.55,13.01,1.53,1.79,0.76,0.92,2.27,0.14
1 Pixel Juke,8.9,-2,0,14,121,14,17,12,13,16,2,14,87,50,44,401,0.76,14.29,0.0,3,1,0,8.64,1.33,0.04,2,4,2,0,0,0,1,0,28.57,0.0,0.0,0.0,-0.22,0.0,1.57,13.6,1.57,1.91,1.35,1.46,1.8,0.22
11th Cmndmnt,77.7,-7,8,101,764,91,118,95,100,468,14,138,822,45,333,2999,0.85,10.14,7.92,27,5,2,7.56,4.93,0.16,6,21,7,3,0,32,4,38,20.79,42.86,33.68,40.0,-0.09,0.1,1.3,9.83,1.17,1.52,1.22,1.29,6.02,0.18
12384,8.1,-1,0,15,99,15,17,8,8,50,2,14,103,0,40,270,0.47,14.29,0.0,2,0,0,6.6,6.25,0.19,0,2,2,1,0,1,0,3,13.33,50.0,12.5,37.5,-0.12,0.0,1.85,12.22,1.85,2.1,0.99,0.99,6.17,0.25
13 volcanos,18.8,3,6,35,238,29,34,20,23,74,6,32,218,20,90,700,0.68,18.75,17.14,5,3,0,6.8,3.7,0.11,2,8,8,5,0,1,0,5,22.86,62.5,5.0,25.0,0.16,0.32,1.86,12.66,1.54,1.81,1.06,1.22,3.94,0.32
13.5 inches,98.2,-10,3,39,284,36,79,192,215,990,27,184,729,80,298,3729,2.72,14.67,7.69,43,23,0,7.28,5.16,0.27,0,3,2,1,0,67,7,69,7.69,50.0,34.9,35.94,-0.1,0.03,0.4,2.89,0.37,0.8,1.96,2.19,10.08,0.27
1deag,96.8,3,13,98,648,85,124,128,196,907,38,178,832,161,355,2934,1.58,21.35,13.27,39,68,0,6.61,7.09,0.31,7,29,15,6,1,50,8,57,29.59,40.0,39.06,44.53,0.03,0.13,1.01,6.69,0.88,1.28,1.32,2.02,9.37,0.39
2P1S,166.3,26,36,301,2220,262,292,170,190,587,24,311,2070,130,842,5513,0.65,7.72,11.96,30,20,3,7.38,3.45,0.11,17,73,29,9,4,43,11,53,24.25,31.03,25.29,31.18,0.16,0.22,1.81,13.35,1.58,1.76,1.02,1.14,3.53,0.14
360broscope,171.7,-12,17,186,1111,166,237,254,290,1491,55,311,1961,198,805,5456,1.22,17.68,9.14,71,36,3,5.97,5.87,0.27,7,59,28,10,2,95,13,110,31.72,35.71,37.4,43.31,-0.07,0.1,1.08,6.47,0.97,1.38,1.48,1.69,8.68,0.32
555555555555,79.2,-4,9,100,696,90,113,95,105,324,10,150,814,45,329,3202,0.93,6.67,9.0,23,10,1,6.96,3.41,0.1,2,26,9,4,1,28,3,35,26.0,44.44,29.47,36.84,-0.05,0.11,1.26,8.79,1.14,1.43,1.2,1.33,4.09,0.13
><><><><><><,74.3,-16,8,142,983,134,166,73,92,143,17,136,896,75,363,2974,0.55,12.5,5.63,32,19,0,6.92,1.96,0.05,7,33,11,3,1,16,2,22,23.24,27.27,21.92,30.14,-0.22,0.11,1.91,13.23,1.8,2.23,0.98,1.24,1.92,0.23
@pro,88.6,7,9,109,516,99,153,95,132,479,17,167,870,105,365,3187,0.86,10.18,8.26,54,37,1,4.73,5.04,0.15,3,34,16,6,0,23,2,28,31.19,37.5,24.21,29.47,0.08,0.1,1.23,5.82,1.12,1.73,1.07,1.49,5.41,0.19
[]D[][V][]D,8.2,-3,1,11,55,10,12,17,19,37,4,14,70,5,29,370,1.58,28.57,9.09,2,2,0,5.0,2.18,0.1,0,2,1,0,1,7,0,6,18.18,0.0,41.18,35.29,-0.37,0.12,1.34,6.71,1.22,1.46,2.07,2.32,4.51,0.49
\m\=^_^=/m/,17.700000000000003,-4,1,23,170,22,27,13,13,151,6,30,151,5,61,554,0.48,20.0,4.35,5,0,0,7.39,11.62,0.27,2,5,1,0,1,6,1,5,21.74,0.0,46.15,38.46,-0.23,0.06,1.3,9.6,1.24,1.53,0.73,0.73,8.53,0.34
\n,6.6,-2,0,8,129,8,11,8,8,4,0,12,50,0,20,335,0.73,0.0,0.0,3,0,0,16.12,0.5,0.01,2,0,0,0,0,0,0,0,0.0,0.0,0.0,0.0,-0.3,0.0,1.21,19.55,1.21,1.67,1.21,1.21,0.61,0.0
`ArryKane,45.0,-10,0,43,219,43,60,55,62,410,9,80,436,35,179,1467,1.03,11.25,0.0,17,7,0,5.09,7.45,0.28,1,12,7,2,0,16,1,20,27.91,28.57,29.09,36.36,-0.22,0.0,0.96,4.87,0.96,1.33,1.22,1.38,9.11,0.2
`~`,43.0,15,5,51,317,45,60,44,48,265,7,76,374,115,171,1631,0.8,9.21,9.8,15,4,1,6.22,6.02,0.16,2,12,6,4,0,14,2,21,23.53,66.67,31.82,47.73,0.35,0.12,1.19,7.37,1.05,1.4,1.02,1.12,6.16,0.16
A Straw Hat,51.8,-2,6,52,381,44,78,71,76,268,9,93,418,103,182,2083,0.97,9.68,11.54,34,5,2,7.33,3.77,0.13,5,18,8,2,0,22,6,26,34.62,25.0,30.99,36.62,-0.04,0.12,1.0,7.36,0.85,1.51,1.37,1.47,5.17,0.17
aardvark,17.9,5,4,16,174,12,19,27,32,92,7,32,198,20,82,746,1.68,21.88,25.0,7,5,0,10.88,3.41,0.12,3,0,0,0,0,6,3,9,0.0,0.0,22.22,33.33,0.28,0.22,0.89,9.72,0.67,1.06,1.51,1.79,5.14,0.39
aaron,59.3,7,4,67,415,62,80,52,64,351,13,116,653,20,262,1731,0.8,11.21,5.97,18,12,1,6.19,6.75,0.2,1,14,7,0,0,14,4,18,20.9,0.0,26.92,34.62,0.12,0.07,1.13,7.0,1.05,1.35,0.88,1.08,5.92,0.22
Able,58.1,-5,6,84,575,77,96,68,76,352,8,120,572,20,228,1755,0.79,6.67,7.14,19,8,1,6.85,5.18,0.2,6,17,7,4,1,17,2,21,20.24,57.14,25.0,30.88,-0.09,0.1,1.45,9.9,1.33,1.65,1.17,1.31,6.06,0.14
Acuraun,36.6,0,2,27,264,25,39,52,54,307,7,71,295,15,117,1375,1.38,9.86,7.41,14,2,0,9.78,5.9,0.22,3,3,2,1,0,12,5,15,11.11,50.0,23.08,28.85,0.0,0.05,0.74,7.21,0.68,1.07,1.42,1.48,8.39,0.19
Adamn,108.1,11,14,149,1204,132,157,116,155,643,33,191,1110,173,470,3906,0.99,17.28,9.4,25,39,3,8.08,5.54,0.16,9,30,17,9,0,28,8,43,20.13,52.94,24.14,37.07,0.1,0.13,1.38,11.14,1.22,1.45,1.07,1.43,5.95,0.31
adawg,240.9,17,27,219,1636,191,272,255,305,1750,52,450,2171,165,879,7921,1.12,11.56,12.33,81,50,1,7.47,6.86,0.22,12,49,20,5,3,82,13,103,22.37,25.0,32.16,40.39,0.07,0.11,0.91,6.79,0.79,1.13,1.06,1.27,7.26,0.22
aeps002,34.8,-7,3,48,244,45,52,53,55,321,5,64,406,30,163,1234,1.06,7.81,6.25,7,2,0,5.08,6.06,0.26,0,15,7,3,2,20,3,20,31.25,42.86,37.74,37.74,-0.2,0.09,1.38,7.01,1.29,1.49,1.52,1.58,9.22,0.14
AJ.,236.7,-22,38,411,2498,370,458,260,321,895,61,435,2790,110,1122,7810,0.7,14.02,9.25,88,61,3,6.08,3.44,0.11,20,127,40,17,7,60,8,87,30.9,42.5,23.08,33.46,-0.09,0.16,1.74,10.55,1.56,1.93,1.1,1.36,3.78,0.26
ALCAEUS,78.9,5,10,115,1089,104,129,65,77,182,24,158,690,45,281,3126,0.6,15.19,8.7,25,12,1,9.47,2.8,0.06,14,17,14,8,1,11,2,13,14.78,57.14,16.92,20.0,0.06,0.13,1.46,13.8,1.32,1.63,0.82,0.98,2.31,0.3
an,8.0,1,1,8,64,7,9,18,20,43,2,14,87,0,34,300,2.22,14.29,12.5,2,2,0,8.0,2.39,0.14,1,1,2,2,0,6,0,7,12.5,100.0,33.33,38.89,0.12,0.12,1.0,8.0,0.88,1.12,2.25,2.5,5.38,0.25
anduin,171.6,3,8,174,1036,165,228,222,267,1680,41,314,2052,208,847,5973,1.17,13.06,4.6,63,45,1,5.95,7.57,0.28,7,44,24,14,1,88,17,107,25.29,58.33,39.64,48.2,0.02,0.05,1.01,6.04,0.96,1.33,1.29,1.56,9.79,0.24
ANDYKANSAS,286.3,-8,23,322,2872,297,369,359,429,1674,79,517,2642,320,1098,11274,1.16,15.28,7.14,72,70,2,8.92,4.66,0.15,38,69,26,12,2,95,20,120,21.43,46.15,26.46,33.43,-0.03,0.08,1.12,10.03,1.04,1.29,1.25,1.5,5.85,0.28
Ann with a E,313.5,15,29,338,2090,305,415,383,454,2044,87,567,3047,211,1233,12136,1.09,15.34,8.58,110,71,4,6.18,5.34,0.17,16,102,45,24,5,102,23,136,30.18,53.33,26.63,35.51,0.05,0.09,1.08,6.67,0.97,1.32,1.22,1.45,6.52,0.28
anti-re,145.5,6,15,169,1165,153,187,210,265,1166,61,256,1465,95,591,4693,1.42,23.83,8.88,34,55,1,6.89,5.55,0.25,12,47,22,8,6,67,7,83,27.81,36.36,31.9,39.52,0.04,0.1,1.16,8.01,1.05,1.29,1.44,1.82,8.01,0.42
Anti_Social,445.1,-13,46,452,2927,403,552,577,652,5625,67,810,4668,331,1897,14056,1.18,8.27,10.18,149,75,3,6.48,9.75,0.4,20,119,42,17,7,212,25,256,26.33,40.48,36.74,44.37,-0.03,0.1,1.02,6.58,0.91,1.24,1.3,1.46,12.64,0.15
Armbranch,55.5,20,4,43,265,39,56,99,106,712,17,99,557,70,232,1766,1.89,17.17,9.3,17,7,0,6.16,7.19,0.4,0,10,4,4,0,39,4,54,23.26,100.0,39.39,54.55,0.36,0.07,0.77,4.77,0.7,1.01,1.78,1.91,12.83,0.31
Atticus,91.0,19,11,133,1051,121,155,90,117,170,26,164,990,70,400,3800,0.75,15.85,8.27,34,27,1,7.9,1.89,0.04,12,28,10,3,0,10,4,16,21.05,30.0,11.11,17.78,0.21,0.12,1.46,11.55,1.33,1.7,0.99,1.29,1.87,0.29
AVP,43.5,2,5,46,314,41,61,27,30,78,7,88,310,20,126,1798,0.49,7.95,10.87,20,3,0,6.83,2.89,0.04,1,10,4,3,0,6,3,7,21.74,75.0,22.22,25.93,0.05,0.11,1.06,7.22,0.94,1.4,0.62,0.69,1.79,0.16
B.I.G.money,0.2,0,0,0,0,0,0,1,1,6,0,0,0,0,0,1,0.0,0.0,0.0,0,0,0,0.0,6.0,6.0,0,0,0,0,0,1,0,1,0.0,0.0,100.0,100.0,0.0,0.0,0.0,0.0,0.0,0.0,5.0,5.0,30.0,0.0
babyTron,183.8,9,25,239,1967,211,261,217,269,668,53,342,1540,128,629,6747,1.03,15.5,10.46,50,52,3,8.23,3.08,0.1,22,51,14,6,1,52,5,71,21.34,42.86,23.96,32.72,0.05,0.14,1.3,10.7,1.15,1.42,1.18,1.46,3.63,0.29
BadTrash,13.6,2,0,8,62,8,11,9,9,61,0,24,125,0,48,602,0.82,0.0,0.0,3,0,0,7.75,6.78,0.1,1,2,2,1,0,2,2,3,25.0,50.0,22.22,33.33,0.15,0.0,0.59,4.56,0.59,0.81,0.66,0.66,4.49,0.0
BalIgod,13.4,-1,1,18,132,17,18,13,16,52,8,26,159,0,62,581,0.89,30.77,5.56,1,3,0,7.33,4.0,0.09,1,4,1,0,0,4,1,4,22.22,0.0,30.77,30.77,-0.07,0.07,1.34,9.85,1.27,1.34,0.97,1.19,3.88,0.6
Ball Coffey,8.9,-1,2,15,110,13,17,10,13,18,3,14,104,0,40,401,0.76,21.43,13.33,4,3,0,7.33,1.8,0.04,0,1,2,2,0,1,0,3,6.67,100.0,10.0,30.0,-0.11,0.22,1.69,12.36,1.46,1.91,1.12,1.46,2.02,0.34
BALLDON'TLIE,52.5,-20,7,39,321,32,45,86,99,886,11,94,456,120,200,1362,2.2,11.7,17.95,13,13,0,8.23,10.3,0.65,2,6,1,0,2,41,1,57,15.38,0.0,47.67,66.28,-0.38,0.13,0.74,6.11,0.61,0.86,1.64,1.89,16.88,0.21
Balled Eagle,16.0,0,1,17,125,15,18,24,30,139,5,28,187,25,79,546,1.67,17.86,5.88,3,6,1,7.35,5.79,0.25,1,2,1,0,1,6,1,8,11.76,0.0,25.0,33.33,0.0,0.06,1.06,7.81,0.94,1.12,1.5,1.88,8.69,0.31
BallsToYou.,665.1,-58,104,1169,7568,1059,1318,630,757,2144,157,1204,8161,440,3288,22735,0.57,13.04,8.9,259,127,6,6.47,3.4,0.09,68,346,144,54,7,161,32,218,29.6,37.5,25.56,34.6,-0.09,0.16,1.76,11.38,1.59,1.98,0.95,1.14,3.22,0.24
Ballzilla,101.9,11,8,104,595,96,136,145,161,987,17,205,1012,123,420,3272,1.18,8.29,7.69,40,16,0,5.72,6.81,0.3,3,29,14,6,3,49,12,65,27.88,42.86,33.79,44.83,0.11,0.08,1.02,5.84,0.94,1.33,1.42,1.58,9.69,0.17
Bamboozler,76.3,9,7,110,586,103,134,77,94,543,14,148,826,38,329,2343,0.7,9.46,6.36,31,17,0,5.33,7.05,0.23,4,33,16,5,1,22,3,25,30.0,31.25,28.57,32.47,0.12,0.09,1.44,7.68,1.35,1.76,1.01,1.23,7.12,0.18
BarryBerkman,8.9,1,1,11,47,10,11,13,14,87,4,14,123,15,51,293,1.27,28.57,9.09,1,1,0,4.27,6.69,0.3,0,4,0,0,0,4,1,5,36.36,0.0,30.77,38.46,0.11,0.11,1.24,5.28,1.12,1.24,1.46,1.57,9.78,0.45
BasedBall,37.0,3,1,39,249,38,52,56,59,246,9,66,313,65,135,1577,1.13,13.64,2.56,14,3,0,6.38,4.39,0.16,2,9,9,4,0,18,2,19,23.08,44.44,32.14,33.93,0.08,0.03,1.05,6.73,1.03,1.41,1.51,1.59,6.65,0.24
Batman.,362.4,-17,30,350,2802,317,442,528,683,2773,114,665,3162,245,1283,12647,1.55,17.14,8.57,125,155,3,8.01,5.25,0.22,30,79,35,12,2,199,19,215,22.57,34.29,37.69,40.72,-0.05,0.08,0.97,7.73,0.87,1.22,1.46,1.88,7.65,0.31
BBall,8.0,-3,0,14,119,13,15,6,14,15,5,14,95,35,45,334,0.93,35.71,0.0,2,8,1,8.5,2.5,0.04,1,2,2,0,0,4,0,3,14.29,0.0,66.67,50.0,-0.38,0.0,1.75,14.88,1.62,1.88,0.75,1.75,1.88,0.62
bbb,82.3,26,7,66,520,58,84,146,154,1016,27,149,905,118,381,2480,1.83,18.12,10.61,26,8,1,7.88,6.96,0.41,7,18,10,6,2,61,11,67,27.27,60.0,41.78,45.89,0.32,0.09,0.8,6.32,0.7,1.02,1.77,1.87,12.35,0.33
Beach,48.0,-10,2,60,365,58,77,45,56,339,9,86,418,45,173,1489,0.73,10.47,3.33,19,11,0,6.08,7.53,0.23,3,15,8,2,0,16,2,20,25.0,25.0,35.56,44.44,-0.21,0.04,1.25,7.6,1.21,1.6,0.94,1.17,7.06,0.19
beef,36.4,-3,1,39,308,38,54,40,48,417,6,74,447,10,176,1127,0.89,8.11,2.56,16,8,0,7.9,10.42,0.37,3,4,3,3,0,21,2,20,10.26,100.0,52.5,50.0,-0.08,0.03,1.07,8.46,1.04,1.48,1.1,1.32,11.46,0.16
beez,13.5,-9,1,19,108,18,23,13,15,73,1,24,113,20,48,479,0.65,4.17,5.26,5,2,0,5.68,5.62,0.15,1,6,3,1,0,5,0,5,31.58,33.33,38.46,38.46,-0.67,0.07,1.41,8.0,1.33,1.7,0.96,1.11,5.41,0.07
Belacqua,115.0,-3,10,120,1025,109,131,163,178,701,55,207,1172,115,481,4461,1.36,26.57,8.33,22,15,1,8.54,4.3,0.16,14,25,17,9,0,51,9,58,20.83,52.94,31.29,35.58,-0.03,0.09,1.04,8.91,0.95,1.14,1.42,1.55,6.1,0.48
BertaLovejoy,33.0,3,4,54,465,50,62,23,36,65,12,60,313,10,126,1386,0.58,20.0,7.41,12,13,0,8.61,2.83,0.05,5,8,6,3,0,5,1,9,14.81,50.0,21.74,39.13,0.09,0.12,1.64,14.09,1.52,1.88,0.7,1.09,1.97,0.36
Better Mamba,88.5,-9,6,80,486,74,107,107,143,845,35,162,797,103,332,2943,1.34,21.6,7.5,33,36,0,6.08,7.9,0.29,3,25,7,2,1,46,3,41,31.25,28.57,42.99,38.32,-0.1,0.07,0.9,5.49,0.84,1.21,1.21,1.62,9.55,0.4
Billy,24.299999999999997,-6,2,38,180,36,43,21,31,112,4,52,244,0,96,841,0.72,7.69,5.26,7,10,0,4.74,5.33,0.13,0,14,4,3,0,4,0,4,36.84,75.0,19.05,19.05,-0.25,0.08,1.56,7.41,1.48,1.77,0.86,1.28,4.61,0.16
Blaatina,57.2,0,3,88,959,83,100,53,55,159,11,100,567,25,227,2384,0.55,11.0,3.41,17,2,2,10.9,3.0,0.07,15,14,8,1,1,20,3,21,15.91,12.5,37.74,39.62,0.0,0.05,1.54,16.77,1.45,1.75,0.93,0.96,2.78,0.19
Boat,258.9,16,40,421,2972,379,450,322,385,1623,57,497,3012,220,1232,8342,0.86,11.47,9.5,71,63,2,7.06,5.04,0.19,25,108,43,11,5,107,13,119,25.65,25.58,33.23,36.96,0.06,0.15,1.63,11.48,1.46,1.74,1.24,1.49,6.27,0.22
BobTheBob,39.7,-8,3,33,138,30,54,39,44,311,5,78,295,49,123,1626,0.81,6.41,9.09,24,5,0,4.18,7.97,0.19,0,12,7,3,0,9,0,6,36.36,42.86,23.08,15.38,-0.2,0.08,0.83,3.48,0.76,1.36,0.98,1.11,7.83,0.13
BOFA,11.9,-3,1,12,83,11,18,12,18,63,2,20,118,12,48,596,1.0,10.0,8.33,7,6,0,6.92,5.25,0.11,0,1,2,1,0,2,0,4,8.33,50.0,16.67,33.33,-0.25,0.08,1.01,6.97,0.92,1.51,1.01,1.51,5.29,0.17
bones,68.1,-1,8,53,378,44,76,91,107,600,13,135,620,30,250,2246,1.41,9.63,15.09,32,16,1,7.13,6.59,0.27,5,12,5,2,2,26,0,35,22.64,40.0,28.57,38.46,-0.01,0.12,0.78,5.55,0.65,1.12,1.34,1.57,8.81,0.19
boogie,131.7,4,16,173,1073,156,200,154,192,1033,30,244,1406,190,588,4182,0.96,12.3,9.25,44,38,1,6.2,6.71,0.25,6,49,16,6,0,51,7,62,28.32,37.5,33.12,40.26,0.03,0.12,1.31,8.15,1.18,1.52,1.17,1.46,7.84,0.23
BootyChatter,8.1,-1,0,4,64,4,8,7,8,31,0,14,25,5,11,417,1.0,0.0,0.0,4,1,0,16.0,4.43,0.07,1,0,0,0,0,2,0,3,0.0,0.0,28.57,42.86,-0.12,0.0,0.49,7.9,0.49,0.99,0.86,0.99,3.83,0.0
Bootymine,46.0,9,12,86,587,74,85,75,77,77,7,82,550,53,226,1761,0.91,8.54,13.95,11,2,0,6.83,1.03,0.04,5,22,11,3,1,12,0,13,25.58,27.27,16.0,17.33,0.2,0.26,1.87,12.76,1.61,1.85,1.63,1.67,1.67,0.15
Borgus,202.6,13,17,223,1650,205,265,234,288,1179,46,381,1817,100,726,7101,1.09,12.07,7.62,60,54,1,7.4,5.04,0.17,17,56,27,9,2,60,15,82,25.11,33.33,25.64,35.04,0.06,0.08,1.1,8.14,1.01,1.31,1.15,1.42,5.82,0.23
bort license,32.4,-2,3,46,376,43,54,28,29,161,3,58,352,0,138,1408,0.54,5.17,6.52,11,1,0,8.17,5.75,0.11,2,11,4,0,1,6,1,5,23.91,0.0,21.43,17.86,-0.06,0.09,1.42,11.6,1.33,1.67,0.86,0.9,4.97,0.09
Bow Down,149.6,26,15,172,1246,154,210,213,269,771,51,264,1329,230,565,5509,1.28,19.32,8.72,56,56,3,7.24,3.62,0.14,12,42,22,12,2,73,5,80,24.42,54.55,34.27,37.56,0.17,0.1,1.15,8.33,1.03,1.4,1.42,1.8,5.15,0.34
box,16.5,0,2,24,176,22,23,20,20,37,3,32,205,0,80,743,0.87,9.38,8.33,1,0,0,7.33,1.85,0.05,1,7,3,2,0,1,2,2,29.17,66.67,5.0,10.0,0.0,0.12,1.45,10.67,1.33,1.39,1.21,1.21,2.24,0.18
bronny james,74.8,4,7,109,657,100,123,65,81,322,21,137,772,110,324,2680,0.66,15.33,6.42,23,16,2,6.03,4.95,0.12,2,25,14,4,1,15,2,16,22.94,28.57,23.08,24.62,0.05,0.09,1.46,8.78,1.34,1.64,0.87,1.08,4.3,0.28
broseph,215.0,-21,22,280,1648,253,320,199,241,884,42,406,2558,193,1038,7590,0.75,10.34,7.86,67,42,5,5.89,4.44,0.12,9,82,32,14,1,53,8,69,29.29,43.75,26.63,34.67,-0.1,0.1,1.3,7.67,1.18,1.49,0.93,1.12,4.11,0.2
bryte,13.0,-1,0,11,47,11,23,15,18,141,2,24,98,15,41,447,0.78,8.33,0.0,12,3,0,4.27,9.4,0.32,0,5,1,0,0,3,0,4,45.45,0.0,20.0,26.67,-0.08,0.0,0.85,3.62,0.85,1.77,1.15,1.38,10.85,0.15
bubblez,47.7,0,9,73,443,64,74,38,47,291,13,86,545,25,217,1520,0.64,15.12,12.33,10,9,0,6.07,7.66,0.19,3,23,9,2,0,15,3,18,31.51,22.22,39.47,47.37,0.0,0.19,1.53,9.29,1.34,1.55,0.8,0.99,6.1,0.27
BUTT,95.5,4,12,145,1167,130,166,67,90,217,22,191,1011,93,414,3738,0.54,11.52,8.28,36,23,3,8.05,3.24,0.06,16,38,6,2,0,14,2,20,26.21,33.33,20.9,29.85,0.04,0.13,1.52,12.22,1.36,1.74,0.7,0.94,2.27,0.23
Butter,73.1,3,12,75,546,63,85,93,116,740,19,136,738,55,299,2156,1.36,13.97,16.0,22,23,0,7.28,7.96,0.34,5,23,7,1,0,34,2,40,30.67,14.29,36.56,43.01,0.04,0.16,1.03,7.47,0.86,1.16,1.27,1.59,10.12,0.26
Button,2.2,0,0,1,3,1,2,0,0,3,0,6,5,0,2,172,0.0,0.0,0.0,1,0,0,3.0,0.0,0.02,0,0,0,0,0,0,0,0,0.0,0.0,0.0,0.0,0.0,0.0,0.45,1.36,0.45,0.91,0.0,0.0,1.36,0.0
CA$H.,265.2,4,24,237,1332,212,313,413,475,2805,60,495,2515,252,1032,8893,1.52,12.12,10.13,101,62,1,5.62,6.79,0.32,8,74,34,19,2,128,23,166,31.22,55.88,30.99,40.19,0.02,0.09,0.89,5.02,0.8,1.18,1.56,1.79,10.58,0.23
Camel,0.2,0,0,0,0,0,0,0,0,1,0,0,0,0,0,0,0.0,0.0,0.0,0,0,0,0.0,0.0,0.0,0,0,0,0,0,0,0,0,0.0,0.0,0.0,0.0,0.0,0.0,0.0,0.0,0.0,0.0,0.0,0.0,5.0,0.0
cannibal,86.7,4,6,77,456,70,108,141,172,967,20,156,801,125,333,2661,1.59,12.82,7.79,38,31,1,5.92,6.86,0.36,5,28,12,5,0,50,3,61,36.36,41.67,35.46,43.26,0.05,0.07,0.89,5.26,0.81,1.25,1.63,1.98,11.15,0.23
cantab,85.5,-1,15,170,933,152,178,72,82,242,14,150,1160,50,466,2733,0.46,9.33,8.82,26,10,3,5.49,3.36,0.09,3,45,15,4,3,18,2,22,26.47,26.67,25.0,30.56,-0.01,0.18,1.99,10.91,1.78,2.08,0.84,0.96,2.83,0.16
cantstop,5.7,-5,0,5,15,5,6,4,4,47,0,10,45,0,18,214,0.67,0.0,0.0,1,0,0,3.0,11.75,0.22,0,2,1,1,0,2,0,2,40.0,100.0,50.0,50.0,-0.88,0.0,0.88,2.63,0.88,1.05,0.7,0.7,8.25,0.0
CappinFalcon,8.0,3,1,10,55,9,11,13,18,78,2,14,56,0,22,245,1.64,14.29,10.0,2,5,0,5.5,6.0,0.32,1,5,4,3,0,4,1,3,50.0,75.0,30.77,23.08,0.38,0.12,1.25,6.88,1.12,1.38,1.62,2.25,9.75,0.25
CatPuke,38.2,8,8,50,382,42,49,21,26,226,11,70,438,5,173,1348,0.53,15.71,16.0,7,5,0,7.64,10.76,0.17,4,11,4,1,2,11,1,11,22.0,25.0,52.38,52.38,0.21,0.21,1.31,10.0,1.1,1.28,0.55,0.68,5.92,0.29
CBad,24.0,4,3,25,219,22,22,19,33,84,8,42,256,0,100,1045,1.5,19.05,12.0,0,14,0,8.76,4.42,0.08,2,3,2,0,0,5,1,8,12.0,0.0,26.32,42.11,0.17,0.12,1.04,9.12,0.92,0.92,0.79,1.38,3.5,0.33
cereballsy,94.1,-9,16,159,1495,142,180,116,144,147,17,182,1001,213,434,3794,0.8,9.34,10.06,38,28,1,9.4,1.27,0.04,19,31,14,8,1,24,4,34,19.5,57.14,20.69,29.31,-0.1,0.17,1.69,15.89,1.51,1.91,1.23,1.53,1.56,0.18
Ceremony,32.4,-2,6,52,442,45,51,28,32,170,9,66,331,19,133,993,0.63,13.64,11.54,6,4,1,8.5,6.07,0.17,4,11,3,1,0,7,0,8,21.15,33.33,25.0,28.57,-0.06,0.19,1.6,13.64,1.39,1.57,0.86,0.99,5.25,0.28
Champagne,135.9,6,13,162,1105,147,188,152,163,912,14,253,1301,115,533,4382,0.87,5.53,8.02,41,11,2,6.82,6.0,0.21,9,44,12,5,1,44,8,59,27.16,41.67,28.95,38.82,0.04,0.1,1.19,8.13,1.08,1.38,1.12,1.2,6.71,0.1
character1,0.9,0,0,0,0,0,0,1,1,11,0,0,0,0,0,35,0.0,0.0,0.0,0,0,0,0.0,11.0,0.31,0,0,0,0,0,0,0,0,0.0,0.0,0.0,0.0,0.0,0.0,0.0,0.0,0.0,0.0,1.11,1.11,12.22,0.0
cherryrammer,113.8,-17,3,33,212,29,66,217,285,1229,42,204,692,60,280,3891,4.32,20.59,9.09,37,68,1,6.42,5.66,0.32,1,6,2,0,0,89,5,84,18.18,0.0,41.01,38.71,-0.15,0.03,0.29,1.86,0.25,0.58,1.91,2.5,10.8,0.37
Chi Town 999,7.9,-2,0,4,33,4,10,9,13,33,3,21,45,0,18,344,1.3,14.29,0.0,6,4,0,8.25,3.67,0.1,0,1,0,0,0,2,1,3,25.0,0.0,22.22,33.33,-0.25,0.0,0.51,4.18,0.51,1.27,1.14,1.65,4.18,0.38
Chritt,360.9,1,38,433,2674,394,513,502,586,2704,56,647,4120,398,1697,12105,1.14,8.66,8.78,119,84,1,6.18,5.39,0.22,18,125,47,16,1,155,25,191,28.87,34.04,30.88,38.05,0.0,0.11,1.2,7.41,1.09,1.42,1.39,1.62,7.49,0.16
Chucho,12.8,-4,0,15,122,15,17,21,22,69,2,21,120,3,46,493,1.29,9.52,0.0,2,1,0,8.13,3.29,0.14,1,2,1,0,0,4,0,5,13.33,0.0,19.05,23.81,-0.31,0.0,1.17,9.53,1.17,1.33,1.64,1.72,5.39,0.16
Clovis,8.4,1,1,6,35,5,8,12,13,107,0,16,93,5,37,322,1.62,0.0,16.67,3,1,0,5.83,8.92,0.33,0,2,0,0,0,6,1,7,33.33,0.0,50.0,58.33,0.12,0.12,0.71,4.17,0.6,0.95,1.43,1.55,12.74,0.0
CodePaster,13.2,6,3,14,59,11,17,19,20,108,2,24,120,5,49,414,1.18,8.33,21.43,6,1,0,4.21,5.68,0.26,0,6,3,2,0,7,1,7,42.86,66.67,36.84,36.84,0.45,0.23,1.06,4.47,0.83,1.29,1.44,1.52,8.18,0.15
Color Blind,159.2,-6,11,212,1447,199,258,158,195,931,42,291,1591,220,668,5829,0.76,14.43,5.19,59,37,2,6.83,5.89,0.16,11,60,32,16,0,36,6,42,28.3,50.0,22.78,26.58,-0.04,0.07,1.33,9.09,1.25,1.62,0.99,1.22,5.85,0.26
Comakip,8.5,1,0,4,25,4,7,13,16,79,3,16,51,0,20,314,2.29,18.75,0.0,3,3,0,6.25,6.08,0.25,0,0,0,0,0,4,1,6,0.0,0.0,30.77,46.15,0.12,0.0,0.47,2.94,0.47,0.82,1.53,1.88,9.29,0.35
coos :),51.2,-2,4,51,267,46,67,64,75,308,9,92,571,75,239,1810,1.12,9.78,7.84,21,11,1,5.24,4.81,0.17,1,17,10,5,1,20,1,23,33.33,50.0,31.25,35.94,-0.04,0.08,1.0,5.21,0.9,1.31,1.25,1.46,6.02,0.18
Crasher,76.8,4,9,99,830,89,108,95,98,302,8,146,755,35,301,3023,0.91,5.48,9.09,19,3,1,8.38,3.18,0.1,12,26,11,5,3,24,0,37,26.26,45.45,25.26,38.95,0.05,0.12,1.29,10.81,1.16,1.41,1.24,1.28,3.93,0.1
Crippy,59.8,11,11,102,691,91,104,72,87,357,19,116,784,40,316,1982,0.84,16.38,10.78,13,15,0,6.77,4.96,0.18,6,28,14,7,2,23,8,27,27.45,50.0,31.94,37.5,0.18,0.18,1.71,11.56,1.52,1.74,1.2,1.45,5.97,0.32
Crumble2,94.5,-14,9,111,708,101,145,82,95,540,10,172,855,75,351,3253,0.66,5.81,8.11,44,13,1,6.38,6.59,0.17,3,29,8,3,0,14,4,20,26.13,37.5,17.07,24.39,-0.15,0.1,1.17,7.49,1.07,1.53,0.87,1.01,5.71,0.11
CRYCHIC,178.2,-25,16,231,1714,212,248,183,229,1350,49,318,1886,108,759,6310,0.92,15.41,6.93,36,46,3,7.42,7.38,0.21,15,65,28,15,2,57,5,68,28.14,53.57,31.15,37.16,-0.14,0.09,1.3,9.62,1.19,1.39,1.03,1.29,7.58,0.27
CT Crunch,133.3,8,26,259,1481,232,287,111,138,322,24,249,1690,165,693,4331,0.48,9.64,10.04,55,27,1,5.72,2.9,0.07,9,73,23,8,1,27,6,32,28.19,34.78,24.32,28.83,0.06,0.2,1.94,11.11,1.74,2.15,0.83,1.04,2.42,0.18
Cupid,64.5,2,12,77,613,63,90,60,88,172,22,132,620,20,246,2325,0.98,16.67,15.58,27,28,2,7.96,2.87,0.07,6,21,5,2,3,12,4,16,27.27,40.0,20.0,26.67,0.03,0.19,1.19,9.5,0.98,1.4,0.93,1.36,2.67,0.34
Curry,319.8,19,43,451,2334,406,538,446,485,2527,42,580,3640,270,1478,9891,0.9,7.24,9.53,132,39,2,5.18,5.67,0.26,16,153,55,21,4,155,21,189,33.92,38.18,34.75,42.38,0.06,0.13,1.41,7.3,1.27,1.68,1.39,1.52,7.9,0.13
D Rek,86.3,16,10,126,803,116,154,130,144,497,9,157,974,64,394,2834,0.94,5.73,7.94,38,14,0,6.37,3.82,0.18,7,41,17,7,0,38,7,46,32.54,41.18,29.23,35.38,0.19,0.12,1.46,9.3,1.34,1.78,1.51,1.67,5.76,0.1
dabang khan,95.8,-21,6,134,889,124,179,89,110,569,11,171,886,122,370,3903,0.61,6.43,4.48,55,21,4,6.63,6.39,0.15,4,34,12,6,0,28,3,31,25.37,50.0,31.46,34.83,-0.22,0.06,1.4,9.28,1.29,1.87,0.93,1.15,5.94,0.11
DAD.,113.3,5,19,149,1095,128,163,148,171,599,26,204,1225,105,499,3434,1.05,12.75,12.75,35,23,2,7.35,4.05,0.17,12,39,15,7,0,45,3,52,26.17,46.67,30.41,35.14,0.04,0.17,1.32,9.66,1.13,1.44,1.31,1.51,5.29,0.23
DadFane,9.5,3,1,12,74,11,14,13,13,53,1,16,90,0,36,399,0.93,6.25,8.33,3,0,0,6.17,4.08,0.13,0,1,2,2,0,3,1,3,8.33,100.0,23.08,23.08,0.32,0.11,1.26,7.79,1.16,1.47,1.37,1.37,5.58,0.11
dadman,53.9,0,11,78,574,66,88,69,79,362,14,96,598,35,241,2019,0.9,14.58,14.1,22,10,1,7.36,5.25,0.18,2,17,14,7,3,24,3,23,21.79,50.0,34.78,33.33,0.0,0.2,1.45,10.65,1.22,1.63,1.28,1.47,6.72,0.26
Damian,14.3,-4,0,24,146,23,24,12,12,13,3,22,147,15,61,658,0.5,13.64,0.0,1,0,1,6.08,1.08,0.02,1,5,3,1,0,0,0,1,20.83,33.33,0.0,8.33,-0.28,0.0,1.68,10.21,1.61,1.68,0.84,0.84,0.91,0.21
Dank Blocks,37.4,-10,3,51,229,48,63,38,46,204,4,64,477,140,216,1409,0.73,6.25,5.88,15,8,0,4.49,5.37,0.14,0,19,8,6,0,7,2,8,37.25,75.0,18.42,21.05,-0.27,0.08,1.36,6.12,1.28,1.68,1.02,1.23,5.45,0.11
danp,413.5,-16,58,586,3723,527,634,504,620,1798,128,764,4500,220,1810,13841,0.98,16.75,9.9,107,116,1,6.35,3.57,0.13,34,177,59,23,7,120,17,150,30.2,38.98,23.81,29.76,-0.04,0.14,1.42,9.0,1.27,1.53,1.22,1.5,4.35,0.31
Darth JarJar,21.6,2,4,33,246,29,35,28,29,108,2,40,228,5,91,934,0.83,5.0,12.12,6,1,0,7.45,3.86,0.12,1,8,3,0,1,6,1,7,24.24,0.0,21.43,25.0,0.09,0.19,1.53,11.39,1.34,1.62,1.3,1.34,5.0,0.09
DEAD NAN,323.0,1,61,497,4049,433,507,324,398,1327,97,603,3247,244,1316,10937,0.79,16.09,12.27,74,74,3,8.15,4.1,0.12,49,132,36,15,9,80,10,99,26.56,41.67,24.69,30.56,0.0,0.19,1.54,12.54,1.34,1.57,1.0,1.23,4.11,0.3
Deez Cashews,66.0,18,7,88,513,80,114,74,78,330,12,123,719,30,290,1969,0.68,9.76,7.95,34,4,1,5.83,4.46,0.17,3,30,11,2,2,21,3,28,34.09,18.18,28.38,37.84,0.27,0.11,1.33,7.77,1.21,1.73,1.12,1.18,5.0,0.18
deku,473.9,-65,24,385,1938,358,534,730,826,5198,95,894,4276,438,1765,15858,1.55,10.63,6.23,176,96,3,5.03,7.12,0.33,10,135,54,17,5,255,32,324,35.06,31.48,34.93,44.38,-0.14,0.05,0.81,4.09,0.76,1.13,1.54,1.74,10.97,0.2
Dew1234,84.9,5,13,141,786,127,156,66,77,492,10,164,1117,50,446,2702,0.49,6.1,9.22,29,11,1,5.57,7.45,0.18,1,37,12,5,1,22,6,21,26.24,41.67,33.33,31.82,0.06,0.15,1.66,9.26,1.5,1.84,0.78,0.91,5.8,0.12
dewgazi,34.6,1,3,32,238,27,53,42,49,292,4,71,243,50,104,1359,0.92,5.63,9.38,26,7,2,7.44,6.95,0.21,2,7,3,2,0,12,2,15,21.88,66.67,28.57,35.71,0.03,0.09,0.92,6.88,0.78,1.53,1.21,1.42,8.44,0.12
DibuMartinez,116.5,-10,6,114,786,108,145,115,152,986,32,221,1285,198,541,3954,1.05,14.48,5.26,37,37,0,6.89,8.57,0.25,9,30,10,4,1,40,6,39,26.32,40.0,34.78,33.91,-0.09,0.05,0.98,6.75,0.93,1.24,0.99,1.3,8.46,0.27
DiegoOnMac,98.1,3,12,172,1266,159,193,92,124,281,31,181,1147,145,479,3645,0.64,17.13,6.98,34,32,1,7.36,3.05,0.08,7,34,20,11,2,26,13,36,19.77,55.0,28.26,39.13,0.03,0.12,1.75,12.91,1.62,1.97,0.94,1.26,2.86,0.32
dodsfall,117.39999999999999,0,12,133,927,120,152,151,181,1066,25,217,1158,125,477,3733,1.19,11.52,9.02,32,30,1,6.97,7.06,0.29,10,37,15,7,1,50,13,69,27.82,46.67,33.11,45.7,0.0,0.1,1.13,7.9,1.02,1.29,1.29,1.54,9.08,0.21
Don Garyoni,18.1,-7,0,7,21,7,21,15,27,122,2,34,121,97,66,695,1.29,5.88,0.0,14,12,0,3.0,8.13,0.18,0,5,1,0,0,3,1,3,71.43,0.0,20.0,20.0,-0.39,0.0,0.39,1.16,0.39,1.16,0.83,1.49,6.74,0.11
doodleball,43.5,-2,4,57,414,53,69,49,55,223,4,76,453,75,191,1393,0.8,5.26,7.02,16,6,0,7.26,4.55,0.16,3,16,5,3,0,12,0,18,28.07,60.0,24.49,36.73,-0.05,0.09,1.31,9.52,1.22,1.59,1.13,1.26,5.13,0.09
Doris,47.4,7,8,48,260,39,58,61,74,398,13,82,376,50,156,1291,1.28,15.85,16.67,19,13,1,5.42,6.52,0.31,1,12,3,1,1,25,7,27,25.0,33.33,40.98,44.26,0.15,0.17,1.01,5.49,0.82,1.22,1.29,1.56,8.4,0.27
Double A,8.1,1,1,10,116,9,9,4,4,17,2,21,50,0,20,272,0.44,9.52,10.0,0,0,0,11.6,4.25,0.06,2,0,0,0,0,1,0,1,0.0,0.0,25.0,25.0,0.12,0.12,1.23,14.32,1.11,1.11,0.49,0.49,2.1,0.25
Dragon  Ball,50.7,0,10,69,597,59,76,65,82,226,12,90,434,45,179,2038,1.08,13.33,14.49,17,17,0,8.65,3.48,0.11,7,8,2,2,1,17,4,22,11.59,100.0,26.15,33.85,0.0,0.2,1.36,11.78,1.16,1.5,1.28,1.62,4.46,0.24
DT,43.900000000000006,5,3,59,492,56,63,54,67,131,14,80,461,30,188,1636,1.06,17.5,5.08,7,13,0,8.34,2.43,0.08,6,13,4,1,1,11,2,19,22.03,25.0,20.37,35.19,0.11,0.07,1.34,11.21,1.28,1.44,1.23,1.53,2.98,0.32
DuckDuckJuke,52.5,1,5,75,612,69,91,52,87,267,20,95,500,95,215,1957,0.96,21.05,6.67,22,35,1,8.16,5.13,0.14,7,21,11,5,1,16,2,18,28.0,45.45,30.77,34.62,0.02,0.1,1.43,11.66,1.31,1.73,0.99,1.66,5.09,0.38
Duckquack,200.1,-19,18,244,1809,223,293,286,340,1396,71,370,1918,175,783,7591,1.16,19.19,7.38,70,54,3,7.41,4.88,0.18,13,50,22,10,2,72,12,94,20.49,45.45,25.17,32.87,-0.09,0.09,1.22,9.04,1.11,1.46,1.43,1.7,6.98,0.35
Ducky,117.7,-19,8,103,550,95,138,112,125,1450,19,219,1102,138,453,3631,0.91,8.68,7.77,43,13,0,5.34,12.95,0.4,2,42,11,3,3,42,5,57,40.78,27.27,37.5,50.89,-0.16,0.07,0.88,4.67,0.81,1.17,0.95,1.06,12.32,0.16
dyd,8.0,2,1,8,28,7,9,10,10,81,1,14,67,40,34,235,1.11,7.14,12.5,2,0,0,3.5,8.1,0.34,0,4,1,0,0,3,1,3,50.0,0.0,30.0,30.0,0.25,0.12,1.0,3.5,0.88,1.12,1.25,1.25,10.12,0.12
Eballs,37.5,6,2,46,401,44,55,52,63,170,11,68,412,0,162,1593,1.15,16.18,4.35,11,11,0,8.72,3.27,0.11,5,10,4,2,1,20,1,22,21.74,50.0,38.46,42.31,0.16,0.05,1.23,10.69,1.17,1.47,1.39,1.68,4.53,0.29
Ebhawk,23.7,0,3,38,308,35,44,20,27,103,4,49,253,43,108,898,0.61,8.16,7.89,9,7,0,8.11,5.15,0.11,3,6,3,1,0,5,3,9,15.79,33.33,25.0,45.0,0.0,0.13,1.6,13.0,1.48,1.86,0.84,1.14,4.35,0.17
EBITDA,8.0,-3,2,14,85,12,15,8,9,25,1,14,95,10,40,363,0.6,7.14,14.29,3,1,0,6.07,3.12,0.07,0,2,2,1,0,1,0,0,14.29,50.0,12.5,0.0,-0.38,0.25,1.75,10.62,1.5,1.88,1.0,1.12,3.12,0.12
eee,312.8,-2,43,448,3119,399,485,309,383,1118,80,573,3696,235,1493,9879,0.79,13.96,9.6,86,74,6,6.96,3.62,0.11,23,122,37,12,2,80,21,96,27.23,32.43,25.89,31.07,-0.01,0.14,1.43,9.97,1.28,1.55,0.99,1.22,3.57,0.26
EpicBlob,84.1,-18,8,111,790,103,133,108,132,466,24,156,935,83,378,2937,0.99,15.38,7.21,30,24,0,7.12,4.31,0.16,11,34,12,3,0,23,6,34,30.63,25.0,21.3,31.48,-0.21,0.1,1.32,9.39,1.22,1.58,1.28,1.57,5.54,0.29
erl,62.199999999999996,-13,3,70,359,66,100,77,83,516,3,109,574,35,233,2346,0.83,2.75,4.29,34,6,1,5.13,6.7,0.22,3,27,10,4,0,22,5,39,38.57,40.0,28.57,50.65,-0.21,0.05,1.13,5.77,1.06,1.61,1.24,1.33,8.3,0.05
Ethan,8.0,-3,0,12,88,11,11,3,3,13,0,14,96,0,38,390,0.27,0.0,0.0,0,0,1,7.33,4.33,0.03,2,6,3,1,0,0,1,1,50.0,33.33,0.0,33.33,-0.38,0.0,1.5,11.0,1.38,1.38,0.38,0.38,1.62,0.0
Euler,16.5,-3,4,24,169,20,25,23,27,71,2,30,174,0,68,654,1.08,6.67,16.67,5,4,0,7.04,3.09,0.11,2,5,4,2,0,6,0,6,20.83,50.0,26.09,26.09,-0.18,0.24,1.45,10.24,1.21,1.52,1.39,1.64,4.3,0.12
EvTheSmev,55.2,18,10,80,480,68,87,47,50,199,5,105,609,20,244,2120,0.57,4.76,12.5,19,3,2,6.0,4.23,0.09,1,21,5,1,0,11,3,13,26.25,20.0,23.4,27.66,0.33,0.18,1.45,8.7,1.23,1.58,0.85,0.91,3.61,0.09
Exsufflicate,38.3,1,2,46,396,43,55,53,54,337,4,66,324,10,130,1564,0.98,6.06,4.35,12,1,1,8.61,6.36,0.22,3,8,5,1,0,18,2,16,17.39,20.0,33.96,30.19,0.03,0.05,1.2,10.34,1.12,1.44,1.38,1.41,8.8,0.1
ez,200.0,-12,15,202,1427,186,237,191,243,1316,61,365,1921,225,789,6682,1.03,16.71,7.43,51,52,1,7.06,6.89,0.2,10,40,24,9,0,58,7,67,19.8,37.5,30.37,35.08,-0.06,0.08,1.01,7.14,0.93,1.18,0.96,1.22,6.58,0.3
fender,85.0,0,16,155,1111,138,146,84,106,198,20,152,1044,35,419,2972,0.73,13.16,10.32,8,22,1,7.17,2.36,0.07,8,40,11,5,0,17,3,22,25.81,45.45,20.24,26.19,0.0,0.19,1.82,13.07,1.62,1.72,0.99,1.25,2.33,0.24
Fenek,29.6,6,3,34,192,31,44,56,65,287,10,54,333,75,147,1104,1.48,18.52,8.82,13,9,0,5.65,5.12,0.26,1,8,6,4,0,22,4,27,23.53,66.67,39.29,48.21,0.2,0.1,1.15,6.49,1.05,1.49,1.89,2.2,9.7,0.34
FFFlier,16.9,1,2,21,91,18,25,21,22,73,0,35,209,5,83,674,0.88,0.0,9.52,7,1,1,4.33,3.48,0.11,1,9,1,1,1,4,0,6,42.86,100.0,19.05,28.57,0.06,0.12,1.24,5.38,1.07,1.48,1.24,1.3,4.32,0.0
firehawkv,17.9,-5,0,17,124,17,20,32,36,87,3,32,186,10,74,772,1.8,9.38,0.0,3,4,0,7.29,2.72,0.11,2,3,1,0,0,5,1,9,17.65,0.0,15.62,28.12,-0.28,0.0,0.95,6.93,0.95,1.12,1.79,2.01,4.86,0.17
FK,188.9,14,28,251,2234,223,269,236,268,910,40,351,2085,140,842,6442,1.0,11.4,11.16,46,32,0,8.9,3.86,0.14,26,59,22,5,5,64,12,75,23.51,22.73,27.12,31.78,0.07,0.15,1.33,11.83,1.18,1.42,1.25,1.42,4.82,0.21
FL,75.6,18,11,91,599,80,92,91,100,689,15,137,799,40,320,2646,1.09,10.95,12.09,12,9,0,6.58,7.57,0.26,6,22,4,2,1,22,4,29,24.18,50.0,24.18,31.87,0.24,0.15,1.2,7.92,1.06,1.22,1.2,1.32,9.11,0.2
fl33t,116.3,-1,11,118,1372,105,138,119,141,573,32,206,966,42,386,4541,1.02,15.53,9.32,33,22,2,11.63,4.82,0.13,22,13,12,4,2,34,5,37,11.02,33.33,28.57,31.09,-0.01,0.09,1.01,11.8,0.9,1.19,1.02,1.21,4.93,0.28
Floof,24.0,11,0,20,190,20,25,33,38,191,3,45,205,35,85,874,1.52,6.67,0.0,5,5,0,9.5,5.79,0.22,1,1,1,1,0,11,3,16,5.0,100.0,33.33,48.48,0.46,0.0,0.83,7.92,0.83,1.04,1.38,1.58,7.96,0.12
FlyingV,106.8,26,13,167,1145,154,179,125,146,595,16,188,1171,85,477,3983,0.82,8.51,7.78,25,21,0,6.86,4.76,0.15,6,37,20,6,2,26,7,35,22.16,30.0,20.8,28.0,0.24,0.12,1.56,10.72,1.44,1.68,1.17,1.37,5.57,0.15
fone,80.89999999999999,-11,5,102,737,97,126,93,102,409,4,146,729,130,310,3170,0.81,2.74,4.9,29,9,0,7.23,4.4,0.13,6,28,12,5,1,25,2,28,27.45,41.67,26.88,30.11,-0.14,0.06,1.26,9.11,1.2,1.56,1.15,1.26,5.06,0.05
Food 4 Thots,19.2,-3,2,31,203,29,37,18,28,44,4,41,225,0,90,714,0.76,9.76,6.45,8,10,0,6.55,2.44,0.06,1,7,3,2,0,4,0,3,22.58,66.67,22.22,16.67,-0.16,0.1,1.61,10.57,1.51,1.93,0.94,1.46,2.29,0.21
Frank,50.9,-1,4,67,501,63,85,48,52,375,5,92,580,45,237,1858,0.61,5.43,5.97,22,4,0,7.48,7.81,0.2,3,13,5,1,1,13,0,22,19.4,20.0,27.08,45.83,-0.02,0.08,1.32,9.84,1.24,1.67,0.94,1.02,7.37,0.1
free advice,16.1,-2,0,15,120,15,27,20,23,137,4,28,101,10,42,611,0.85,14.29,0.0,12,3,0,8.0,6.85,0.22,0,3,4,2,0,6,0,7,20.0,50.0,30.0,35.0,-0.12,0.0,0.93,7.45,0.93,1.68,1.24,1.43,8.51,0.25
FreeFalastin,284.7,9,45,401,3221,353,414,288,340,1391,87,525,3125,135,1247,9565,0.82,16.57,11.22,61,52,3,8.03,4.83,0.15,37,92,42,14,4,85,10,97,22.94,33.33,29.51,33.68,0.03,0.16,1.41,11.31,1.24,1.45,1.01,1.19,4.89,0.31
ft,54.5,9,11,84,550,72,85,66,86,319,13,101,594,70,248,1876,1.01,12.87,13.1,13,20,1,6.55,4.83,0.17,3,25,7,5,0,15,4,18,29.76,71.43,22.73,27.27,0.17,0.2,1.54,10.09,1.32,1.56,1.21,1.58,5.85,0.24
Fuck,21.4,3,2,25,152,23,28,25,28,162,10,38,208,20,86,715,1.0,26.32,8.0,5,3,0,6.08,6.48,0.23,0,6,2,1,0,15,1,13,24.0,50.0,60.0,52.0,0.14,0.09,1.17,7.1,1.07,1.31,1.17,1.31,7.57,0.47
Funky Spud,24.0,-6,2,36,231,34,41,28,30,138,6,42,268,25,111,824,0.73,14.29,5.56,7,2,0,6.42,4.93,0.17,3,8,4,2,0,4,0,5,22.22,50.0,14.29,17.86,-0.25,0.08,1.5,9.62,1.42,1.71,1.17,1.25,5.75,0.25
Gavi,118.30000000000001,13,28,157,1447,126,161,127,169,549,43,204,1111,115,459,4564,1.05,21.08,17.83,35,42,3,9.22,4.32,0.12,18,25,11,3,3,39,9,49,15.92,27.27,30.71,38.58,0.11,0.24,1.33,12.23,1.07,1.36,1.07,1.43,4.64,0.36
GeeGee,13.5,6,5,19,245,14,20,11,18,17,2,24,132,45,61,557,0.9,8.33,26.32,6,7,0,12.89,1.55,0.03,3,2,1,0,3,2,1,2,10.53,0.0,18.18,18.18,0.44,0.37,1.41,18.15,1.04,1.48,0.81,1.33,1.26,0.15
GillyBall,141.9,13,25,216,1293,190,250,177,206,854,25,256,1877,135,759,4714,0.82,9.77,11.57,60,29,1,5.99,4.82,0.18,11,66,25,8,4,50,5,66,30.56,32.0,28.25,37.29,0.09,0.18,1.52,9.11,1.34,1.76,1.25,1.45,6.02,0.18
gingerdg,25.1,-5,1,42,288,40,48,32,32,90,3,45,352,5,139,879,0.67,6.67,2.38,8,0,1,6.86,2.81,0.1,2,4,2,1,0,11,0,15,9.52,50.0,34.38,46.88,-0.2,0.04,1.67,11.47,1.59,1.91,1.27,1.27,3.59,0.12
Glimmer,171.8,18,15,193,1611,177,225,170,248,817,55,313,1763,111,709,6784,1.1,17.57,7.77,48,78,1,8.35,4.81,0.12,17,32,20,9,1,39,15,51,16.58,45.0,22.94,30.0,0.1,0.09,1.12,9.38,1.03,1.31,0.99,1.44,4.76,0.32
Glizzy,16.4,-1,2,22,133,19,25,27,27,68,5,28,207,15,85,657,1.08,17.86,9.09,6,0,1,6.05,2.52,0.1,2,9,3,3,1,6,1,11,40.91,100.0,22.22,40.74,-0.06,0.12,1.34,8.11,1.16,1.52,1.65,1.65,4.15,0.3
glizzy23,45.2,-7,7,66,397,59,81,45,53,230,11,82,499,15,199,1901,0.65,13.41,10.61,22,8,0,6.02,5.11,0.12,1,17,9,4,1,15,4,23,25.76,44.44,33.33,51.11,-0.15,0.15,1.46,8.78,1.31,1.79,1.0,1.17,5.09,0.24
Goofy Goober,74.2,2,7,98,800,90,121,61,70,260,18,130,768,80,318,2888,0.58,13.85,7.14,31,9,1,8.16,4.26,0.09,6,22,9,3,0,7,2,9,22.45,33.33,11.48,14.75,0.03,0.09,1.32,10.78,1.21,1.63,0.82,0.94,3.5,0.24
gprimoff,27.6,-1,2,36,170,34,43,29,34,203,4,51,228,45,99,1005,0.79,7.84,5.56,9,5,0,4.72,7.0,0.2,1,13,3,2,0,4,2,11,36.11,66.67,13.79,37.93,-0.04,0.07,1.3,6.16,1.23,1.56,1.05,1.23,7.36,0.14
Grass1,59.5,9,7,68,592,61,80,82,94,377,9,120,536,42,216,2210,1.18,7.5,10.29,19,12,0,8.71,4.6,0.17,7,17,7,3,0,16,2,26,25.0,42.86,19.51,31.71,0.15,0.12,1.14,9.95,1.03,1.34,1.38,1.58,6.34,0.15
Green,200.8,3,12,162,1158,150,219,272,295,1700,51,371,1749,112,703,7205,1.35,13.75,7.41,69,23,0,7.15,6.25,0.24,5,39,18,10,1,81,16,102,24.07,55.56,29.78,37.5,0.01,0.06,0.81,5.77,0.75,1.09,1.35,1.47,8.47,0.25
greenfish,98.9,-11,18,165,1292,146,176,104,112,199,10,182,969,5,385,4159,0.64,5.49,10.91,30,8,1,7.83,1.91,0.05,13,32,9,2,1,17,3,30,19.39,22.22,16.35,28.85,-0.11,0.18,1.67,13.06,1.48,1.78,1.05,1.13,2.01,0.1
grunt,25.5,-2,1,17,126,16,24,45,54,152,8,47,218,5,85,1040,2.25,17.02,5.88,8,9,0,7.41,3.38,0.15,1,3,1,0,0,9,1,12,17.65,0.0,20.0,26.67,-0.08,0.04,0.67,4.94,0.63,0.94,1.76,2.12,5.96,0.31
gspoon,179.6,-7,15,204,1320,185,268,193,232,1911,47,332,1736,188,716,6061,0.87,14.16,7.35,83,39,4,6.47,9.9,0.32,9,55,20,11,0,93,6,103,26.96,55.0,48.19,53.37,-0.04,0.08,1.14,7.35,1.03,1.49,1.07,1.29,10.64,0.26
Guaderno,49.7,-1,4,40,195,36,61,68,77,542,9,88,432,55,177,1536,1.26,10.23,10.0,25,9,0,4.88,7.97,0.35,2,17,4,1,0,24,2,26,42.5,25.0,35.29,38.24,-0.02,0.08,0.8,3.92,0.72,1.23,1.37,1.55,10.91,0.18
Gvendolino,508.2,-3,50,589,3416,534,721,524,667,4906,109,931,5013,587,2072,16890,0.93,11.71,8.49,187,143,5,5.8,9.36,0.29,18,162,82,30,6,225,19,253,27.5,36.59,42.94,48.28,-0.01,0.1,1.16,6.72,1.05,1.42,1.03,1.31,9.65,0.21
Gyara,8.1,1,1,5,84,4,8,7,13,59,4,16,51,15,23,348,1.62,25.0,20.0,4,6,0,16.8,8.43,0.17,1,0,0,0,0,4,1,4,0.0,0.0,57.14,57.14,0.12,0.12,0.62,10.37,0.49,0.99,0.86,1.6,7.28,0.49
hail santa,73.9,7,13,117,735,104,126,65,74,245,15,147,767,50,314,2874,0.59,10.2,11.11,22,9,0,6.28,3.77,0.09,6,29,14,4,1,6,1,9,24.79,28.57,9.23,13.85,0.09,0.18,1.58,9.95,1.41,1.71,0.88,1.0,3.32,0.2
HammerTime,220.0,-2,20,307,1574,282,340,202,247,1306,54,405,2615,155,1053,7704,0.73,13.33,6.51,58,45,5,5.13,6.47,0.17,8,98,49,18,2,54,10,73,31.92,36.73,26.73,36.14,-0.01,0.09,1.4,7.15,1.28,1.55,0.92,1.12,5.94,0.25
havok,75.5,0,5,123,815,117,138,72,88,358,16,133,922,70,378,2761,0.64,12.03,4.07,21,16,1,6.63,4.97,0.13,6,36,11,2,1,18,5,26,29.27,18.18,25.0,36.11,0.0,0.07,1.63,10.79,1.55,1.83,0.95,1.17,4.74,0.21
HELEN KELLER,552.1,-1,75,767,4825,687,855,719,903,2603,157,1033,5684,523,2328,17232,1.06,15.2,9.78,168,184,5,6.29,3.62,0.15,47,220,79,28,9,187,23,228,28.68,35.44,26.01,31.71,-0.0,0.14,1.39,8.74,1.24,1.55,1.3,1.64,4.71,0.28
Hellball2079,135.2,-18,13,239,1682,225,258,109,132,182,26,242,1451,75,583,5557,0.51,10.74,5.44,33,23,1,7.04,1.67,0.03,13,51,28,9,1,18,6,24,21.34,32.14,16.51,22.02,-0.13,0.1,1.77,12.44,1.66,1.91,0.81,0.98,1.35,0.19
helprefugees,181.79999999999998,-10,12,223,1440,211,274,145,193,996,39,329,1984,240,824,6854,0.7,11.85,5.38,63,48,0,6.46,6.87,0.15,10,70,26,10,0,46,11,50,31.39,38.46,31.72,34.48,-0.06,0.07,1.23,7.92,1.16,1.51,0.8,1.06,5.48,0.21
heribo69,59.3,14,4,89,583,84,110,82,102,333,12,108,727,20,288,1998,0.93,11.11,4.49,26,20,1,6.55,4.06,0.17,4,30,11,2,2,14,7,19,33.71,18.18,17.07,23.17,0.24,0.07,1.5,9.83,1.42,1.85,1.38,1.72,5.62,0.2
hihi!,168.5,-22,11,175,1090,164,229,193,216,1470,39,312,1553,118,629,6228,0.94,12.5,6.29,65,23,0,6.23,7.62,0.24,7,51,28,13,0,67,4,80,29.14,46.43,34.72,41.45,-0.13,0.07,1.04,6.47,0.97,1.36,1.15,1.28,8.72,0.23
hmmmm,8.0,3,0,6,39,6,6,18,18,142,1,14,82,10,34,226,3.0,7.14,0.0,0,0,0,6.5,7.89,0.63,0,2,1,0,0,11,1,11,33.33,0.0,61.11,61.11,0.38,0.0,0.75,4.88,0.75,0.75,2.25,2.25,17.75,0.12
Homer Jay,4.5,5,3,7,115,4,6,7,7,17,1,8,35,0,14,183,1.17,12.5,42.86,2,0,0,16.43,2.43,0.09,3,0,0,0,0,5,1,6,0.0,0.0,71.43,85.71,1.11,0.67,1.56,25.56,0.89,1.33,1.56,1.56,3.78,0.22
Homie,15.6,6,1,12,133,11,12,29,34,164,4,30,99,70,52,402,2.83,13.33,8.33,1,5,0,11.08,5.66,0.41,1,1,0,0,0,16,1,18,8.33,0.0,55.17,62.07,0.38,0.06,0.77,8.53,0.71,0.77,1.86,2.18,10.51,0.26
Huevo,0.9,0,0,1,2,0,0,0,0,1,0,0,0,0,0,14,0.0,0.0,0.0,0,0,1,2.0,0.0,0.07,0,0,0,0,0,0,0,0,0.0,0.0,0.0,0.0,0.0,0.0,1.11,2.22,0.0,0.0,0.0,0.0,1.11,0.0
Hugo Ball,8.0,-4,1,15,85,14,18,9,10,44,0,14,114,0,44,259,0.56,0.0,6.67,4,1,0,5.67,4.89,0.17,1,3,2,0,0,5,0,6,20.0,0.0,55.56,66.67,-0.5,0.12,1.88,10.62,1.75,2.25,1.12,1.25,5.5,0.0
I <3 Emacs,190.9,5,23,247,1895,223,290,223,279,1022,47,359,1830,88,735,7467,0.96,13.09,9.31,67,56,1,7.67,4.58,0.14,13,49,25,13,3,59,10,71,19.84,52.0,26.46,31.84,0.03,0.12,1.29,9.93,1.17,1.52,1.17,1.46,5.35,0.25
I'm a horse,53.5,12,14,77,662,62,76,81,87,234,8,93,496,39,201,1837,1.14,8.6,18.18,14,6,1,8.6,2.89,0.13,9,20,3,1,3,24,5,30,25.97,33.33,29.63,37.04,0.22,0.26,1.44,12.37,1.16,1.42,1.51,1.63,4.37,0.15
I_mess_up,20.2,-6,1,26,222,25,33,20,21,113,1,38,212,15,87,805,0.64,2.63,3.85,8,1,0,8.54,5.65,0.14,3,3,0,0,0,6,0,6,11.54,0.0,30.0,30.0,-0.3,0.05,1.29,10.99,1.24,1.63,0.99,1.04,5.59,0.05
icancountto3,81.1,-3,6,103,777,97,122,96,100,337,8,145,907,25,359,3290,0.82,5.52,5.83,25,4,0,7.54,3.51,0.1,7,28,10,5,0,18,4,24,27.18,50.0,18.75,25.0,-0.04,0.07,1.27,9.58,1.2,1.5,1.18,1.23,4.16,0.1
Iodized Salt,206.8,-10,26,266,1426,238,302,243,277,1729,37,378,2228,175,909,6801,0.92,9.79,9.77,64,34,2,5.36,7.12,0.25,6,87,38,13,3,102,10,114,32.71,34.21,41.98,46.91,-0.05,0.13,1.29,6.9,1.15,1.46,1.18,1.34,8.36,0.18
ipopu,21.2,0,1,28,175,27,32,14,17,104,4,38,235,0,92,919,0.53,10.53,3.57,5,3,0,6.25,7.43,0.11,1,6,3,1,0,4,0,6,21.43,33.33,28.57,42.86,0.0,0.05,1.32,8.25,1.27,1.51,0.66,0.8,4.91,0.19
Irony,277.8,8,37,362,2416,325,420,288,358,1877,96,521,2853,300,1178,8794,0.85,18.43,10.22,95,70,0,6.67,6.52,0.21,23,98,46,22,5,69,7,91,27.07,47.83,23.96,31.6,0.03,0.13,1.3,8.7,1.17,1.51,1.04,1.29,6.76,0.35
ish,252.4,-8,22,326,2088,302,418,327,371,1395,59,467,2983,233,1220,9838,0.89,12.63,6.75,116,44,2,6.4,4.27,0.14,15,90,41,17,1,98,13,111,27.61,41.46,29.97,33.94,-0.03,0.09,1.29,8.27,1.2,1.66,1.3,1.47,5.53,0.23
Israel Lives,18.8,-5,0,41,317,41,50,2,2,7,0,34,237,0,92,839,0.04,0.0,0.0,9,0,0,7.73,3.5,0.01,3,11,4,1,0,1,0,1,26.83,25.0,50.0,50.0,-0.27,0.0,2.18,16.86,2.18,2.66,0.11,0.11,0.37,0.0
itagpro,59.3,10,7,70,556,60,74,61,68,324,22,107,582,95,245,2421,0.92,20.56,10.0,14,7,3,7.94,5.31,0.13,6,13,6,3,0,25,4,27,18.57,50.0,40.98,44.26,0.17,0.12,1.18,9.38,1.01,1.25,1.03,1.15,5.46,0.37
Ivanchuk,42.6,1,4,54,259,50,75,46,60,201,13,78,529,48,215,1638,0.8,16.67,7.41,25,14,0,4.8,4.37,0.12,1,21,6,1,0,12,2,16,38.89,16.67,26.09,34.78,0.02,0.09,1.27,6.08,1.17,1.76,1.08,1.41,4.72,0.31
J24gordon,23.9,5,3,21,250,18,31,23,30,195,11,40,173,48,77,856,0.97,27.5,14.29,13,7,0,11.9,8.48,0.23,2,1,2,1,0,10,2,10,4.76,50.0,43.48,43.48,0.21,0.13,0.88,10.46,0.75,1.3,0.96,1.26,8.16,0.46
jacenj1,17.099999999999998,-1,1,23,232,21,27,22,26,102,6,29,125,13,52,761,0.96,20.69,4.35,6,4,1,10.09,4.64,0.13,3,4,0,0,0,8,2,8,17.39,0.0,36.36,36.36,-0.06,0.06,1.35,13.57,1.23,1.58,1.29,1.52,5.96,0.35
Jackals,8.0,1,1,10,40,9,13,18,20,37,1,14,125,5,51,308,1.54,7.14,10.0,4,2,0,4.0,2.06,0.12,0,3,1,0,0,4,3,7,30.0,0.0,22.22,38.89,0.12,0.12,1.25,5.0,1.12,1.62,2.25,2.5,4.62,0.12
Jarek,91.4,-3,5,131,927,125,152,86,103,474,12,167,1100,5,431,3349,0.68,7.19,3.82,27,17,1,7.08,5.51,0.14,9,34,13,5,1,29,5,35,25.95,38.46,33.72,40.7,-0.03,0.05,1.43,10.14,1.37,1.66,0.94,1.13,5.19,0.13
jazzz,319.8,25,44,442,3015,396,484,394,435,1662,57,569,4009,345,1645,10579,0.9,10.02,9.95,88,41,2,6.82,4.22,0.16,31,121,57,16,7,106,21,134,27.38,28.07,26.9,34.01,0.08,0.14,1.38,9.43,1.24,1.51,1.23,1.36,5.2,0.18
Jed Bartlet,135.7,7,14,172,990,156,213,147,168,848,32,245,1370,80,554,4677,0.79,13.06,8.14,57,21,2,5.76,5.77,0.18,5,54,21,12,5,37,13,55,31.4,57.14,25.17,37.41,0.05,0.1,1.27,7.3,1.15,1.57,1.08,1.24,6.25,0.24
Jelly Rat,14.5,11,6,15,161,9,10,27,28,99,4,24,127,0,50,483,2.8,16.67,40.0,1,1,0,10.73,3.67,0.2,2,4,2,0,1,9,2,14,26.67,0.0,33.33,51.85,0.76,0.41,1.03,11.1,0.62,0.69,1.86,1.93,6.83,0.28
Jer32,290.5,-2,47,434,2868,384,454,286,342,1598,61,523,3212,361,1331,10014,0.75,11.66,10.83,70,56,3,6.61,5.59,0.16,29,138,46,13,1,93,9,111,31.8,28.26,32.52,38.81,-0.01,0.16,1.49,9.87,1.32,1.56,0.98,1.18,5.5,0.21
jerm,130.3,-19,8,154,973,145,183,127,155,933,36,235,1314,75,529,4306,0.85,15.32,5.19,38,28,1,6.32,7.35,0.22,4,40,13,6,0,40,5,45,25.97,46.15,31.5,35.43,-0.15,0.06,1.18,7.47,1.11,1.4,0.97,1.19,7.16,0.28
jig,35.5,1,6,40,284,33,42,49,61,244,16,64,371,15,147,1224,1.45,25.0,15.0,9,12,1,7.1,4.98,0.2,3,8,2,1,0,14,1,16,20.0,50.0,28.57,32.65,0.03,0.17,1.13,8.0,0.93,1.18,1.38,1.72,6.87,0.45
JimBobCooter,144.6,20,18,187,1514,167,206,149,172,832,31,268,1389,95,565,5351,0.83,11.57,9.63,39,23,2,8.1,5.58,0.16,15,36,17,7,2,46,6,55,19.25,41.18,30.87,36.91,0.14,0.12,1.29,10.47,1.15,1.42,1.03,1.19,5.75,0.21
jjpoole,27.7,-1,3,30,181,27,38,52,52,242,6,50,216,28,89,976,1.37,12.0,10.0,11,0,0,6.03,4.65,0.25,0,9,3,2,1,17,1,16,30.0,66.67,32.69,30.77,-0.04,0.11,1.08,6.53,0.97,1.37,1.88,1.88,8.74,0.22
JKooter,209.4,5,35,301,1987,262,326,177,217,937,34,373,2431,328,1015,7107,0.67,9.12,11.63,64,40,4,6.6,5.29,0.13,16,76,27,8,5,37,7,48,25.25,29.63,20.9,27.12,0.02,0.17,1.44,9.49,1.25,1.56,0.85,1.04,4.47,0.16
jkxs,43.7,-1,1,28,212,27,36,75,87,424,11,75,423,64,174,1464,2.42,14.67,3.57,9,12,0,7.57,5.65,0.29,3,9,4,2,0,37,5,41,32.14,50.0,49.33,54.67,-0.02,0.02,0.64,4.85,0.62,0.82,1.72,1.99,9.7,0.25
jmu,451.1,-34,38,536,3201,494,637,406,494,2299,97,828,4826,510,1984,15362,0.78,11.71,7.09,143,88,4,5.97,5.66,0.15,25,156,69,26,3,86,19,115,29.1,37.68,21.18,28.33,-0.08,0.08,1.19,7.1,1.1,1.41,0.9,1.1,5.1,0.22
josh61616,89.1,-9,9,84,683,75,105,126,135,803,20,173,746,23,296,3341,1.29,11.56,10.71,30,9,0,8.13,6.37,0.24,5,20,11,6,2,36,3,43,23.81,54.55,28.57,34.13,-0.1,0.1,0.94,7.67,0.84,1.18,1.41,1.52,9.01,0.22
joy.,316.5,-17,23,337,2145,308,391,411,507,2628,81,605,3013,228,1225,10111,1.3,13.39,6.82,83,96,6,6.36,6.39,0.26,19,99,38,17,2,146,13,161,29.38,44.74,35.52,39.17,-0.05,0.07,1.06,6.78,0.97,1.24,1.3,1.6,8.3,0.26
JSwan,19.0,2,4,41,321,36,41,19,29,47,7,35,268,8,107,638,0.71,20.0,9.76,5,10,1,7.83,2.47,0.07,4,10,5,1,0,5,1,4,24.39,20.0,26.32,21.05,0.11,0.21,2.16,16.89,1.89,2.16,1.0,1.53,2.47,0.37
JukeBerallta,46.6,6,4,53,656,47,54,44,58,132,11,82,368,90,160,1968,1.07,13.41,7.55,7,14,2,12.38,3.0,0.07,9,9,2,0,0,12,3,10,16.98,0.0,27.27,22.73,0.13,0.09,1.14,14.08,1.01,1.16,0.94,1.24,2.83,0.24
JUKELELE,43.6,-9,1,68,579,65,79,39,45,46,10,76,508,60,212,1955,0.57,13.16,1.47,14,6,2,8.51,1.18,0.02,4,12,7,3,0,6,1,8,17.65,42.86,15.38,20.51,-0.21,0.02,1.56,13.28,1.49,1.81,0.89,1.03,1.06,0.23
JukeOfEarl,318.3,-2,25,371,3305,337,446,346,404,1312,70,577,3126,557,1341,12165,0.91,12.13,6.74,109,58,9,8.91,3.79,0.11,52,67,38,12,1,71,13,84,18.06,31.58,20.52,24.28,-0.01,0.08,1.17,10.38,1.06,1.4,1.09,1.27,4.12,0.22
JukeofFrance,83.6,-17,2,59,422,57,98,74,98,403,13,155,645,95,271,3850,1.0,8.39,3.39,41,24,0,7.15,5.45,0.1,5,18,7,3,0,9,2,13,30.51,42.86,12.16,17.57,-0.2,0.02,0.71,5.05,0.68,1.17,0.89,1.17,4.82,0.16
Jump Ball,69.4,5,2,68,310,65,89,99,116,724,17,131,660,35,265,2011,1.3,12.98,2.94,24,17,1,4.56,7.31,0.36,0,20,6,2,0,33,3,42,29.41,33.33,33.33,42.42,0.07,0.03,0.98,4.47,0.94,1.28,1.43,1.67,10.43,0.24
Junoon,318.3,28,52,463,3436,410,483,486,581,2089,102,584,3359,305,1375,10202,1.2,17.47,11.23,73,95,1,7.42,4.3,0.2,37,104,38,11,9,160,21,199,22.46,28.95,32.92,40.95,0.09,0.16,1.45,10.79,1.29,1.52,1.53,1.83,6.56,0.32
K O,85.4,0,7,85,494,78,124,99,108,643,9,164,849,60,342,2927,0.87,5.49,8.24,46,9,0,5.81,6.49,0.22,3,31,14,4,0,28,9,37,36.47,28.57,28.28,37.37,0.0,0.08,1.0,5.78,0.91,1.45,1.16,1.26,7.53,0.11
Karasu,17.5,7,5,25,180,19,24,30,31,135,0,28,129,5,51,577,1.29,0.0,20.0,5,1,1,7.2,4.5,0.23,1,4,1,0,4,14,1,15,16.0,0.0,46.67,50.0,0.4,0.29,1.43,10.29,1.09,1.37,1.71,1.77,7.71,0.0
karma,413.6,-52,54,599,3373,539,690,512,665,3555,137,768,4660,266,1870,12620,0.96,17.84,9.02,151,153,6,5.63,6.94,0.28,27,202,73,21,7,185,25,212,33.72,28.77,36.13,41.41,-0.13,0.13,1.45,8.16,1.3,1.67,1.24,1.61,8.6,0.33
karthvader,49.0,1,1,60,652,57,76,66,76,165,7,98,433,40,178,2063,1.0,7.14,1.67,19,10,2,10.87,2.5,0.08,11,10,5,2,0,9,2,16,16.67,40.0,13.64,24.24,0.02,0.02,1.22,13.31,1.16,1.55,1.35,1.55,3.37,0.14
kasli,0.3,0,0,0,0,0,0,0,0,1,0,0,0,0,0,43,0.0,0.0,0.0,0,0,0,0.0,0.0,0.02,0,0,0,0,0,0,0,0,0.0,0.0,0.0,0.0,0.0,0.0,0.0,0.0,0.0,0.0,0.0,0.0,3.33,0.0
kcx,51.4,13,7,48,268,41,61,73,86,495,4,92,465,73,192,1633,1.41,4.35,14.58,20,13,0,5.58,6.78,0.3,1,14,4,1,0,23,3,27,29.17,25.0,31.51,36.99,0.25,0.14,0.93,5.21,0.8,1.19,1.42,1.67,9.63,0.08
Kei Yonagi,513.4,25,78,783,4758,697,864,485,584,2187,111,946,6298,369,2543,17198,0.68,11.73,9.96,167,99,8,6.08,4.51,0.13,29,215,77,23,7,125,25,169,27.46,29.87,25.77,34.85,0.05,0.15,1.53,9.27,1.36,1.68,0.94,1.14,4.26,0.22
keithstoned1,32.0,13,4,49,427,44,47,43,46,248,2,56,350,25,143,1017,0.98,3.57,8.16,3,3,1,8.71,5.77,0.24,6,8,5,2,1,20,4,22,16.33,40.0,46.51,51.16,0.41,0.12,1.53,13.34,1.38,1.47,1.34,1.44,7.75,0.06
Kemba Walker,59.4,1,9,78,501,68,91,49,60,175,11,105,616,88,257,2185,0.66,10.48,11.54,23,11,1,6.42,3.57,0.08,1,19,8,3,0,10,2,11,24.36,37.5,20.41,22.45,0.02,0.15,1.31,8.43,1.14,1.53,0.82,1.01,2.95,0.19
Kep,160.5,-25,9,156,1171,146,188,235,276,1523,33,296,1492,210,624,5428,1.47,11.15,5.77,42,41,1,7.51,6.48,0.28,9,35,15,5,1,76,12,74,22.44,33.33,32.34,31.49,-0.16,0.06,0.97,7.3,0.91,1.17,1.46,1.72,9.49,0.21
KING KRULE,191.6,10,30,267,1713,236,282,193,242,892,51,357,2156,140,872,6046,0.86,14.29,11.24,46,49,1,6.42,4.62,0.15,16,68,39,16,2,58,5,81,25.47,41.03,30.05,41.97,0.05,0.16,1.39,8.94,1.23,1.47,1.01,1.26,4.66,0.27
Klox,125.0,7,15,169,852,154,198,155,173,427,25,227,1246,215,533,4422,0.87,11.01,8.88,44,18,0,5.04,2.75,0.1,4,54,15,7,2,23,1,33,31.95,46.67,14.84,21.29,0.06,0.12,1.35,6.82,1.23,1.58,1.24,1.38,3.42,0.2
kmichael,415.7,4,39,440,2905,399,534,423,538,2717,126,761,4580,395,1863,14913,1.01,16.56,8.86,135,115,2,6.6,6.42,0.18,20,109,45,11,4,115,23,148,24.77,24.44,27.19,34.99,0.01,0.09,1.06,6.99,0.96,1.28,1.02,1.29,6.54,0.3
knight_,477.9,-58,48,584,4001,530,700,467,571,1994,100,904,5320,318,2141,15850,0.82,11.06,8.22,170,104,6,6.85,4.27,0.13,35,142,63,28,7,111,13,141,24.32,44.44,23.77,30.19,-0.12,0.1,1.22,8.37,1.11,1.46,0.98,1.19,4.17,0.21
KOB,8.0,-1,0,10,35,10,10,15,15,88,0,14,75,0,30,228,1.5,0.0,0.0,0,0,0,3.5,5.87,0.39,0,5,1,0,0,5,0,4,50.0,0.0,33.33,26.67,-0.12,0.0,1.25,4.38,1.25,1.25,1.88,1.88,11.0,0.0
kojiro,67.4,-6,6,106,581,99,122,50,73,227,21,124,708,55,289,2659,0.6,16.94,5.66,23,23,1,5.48,4.54,0.09,2,31,13,6,0,12,3,22,29.25,46.15,24.0,44.0,-0.09,0.09,1.57,8.62,1.47,1.81,0.74,1.08,3.37,0.31
Kokrut,115.6,18,22,156,1678,133,157,108,133,299,21,220,984,149,413,4816,0.85,9.55,14.1,24,25,1,10.76,2.77,0.06,24,29,15,4,1,15,5,16,18.59,26.67,13.89,14.81,0.16,0.19,1.35,14.52,1.15,1.36,0.93,1.15,2.59,0.18
KonTiki,0.6,0,0,2,9,2,2,0,0,6,0,0,10,5,5,0,0.0,0.0,0.0,0,0,0,4.5,0.0,0.0,0,0,1,1,0,0,0,0,0.0,100.0,0.0,0.0,0.0,0.0,3.33,15.0,3.33,3.33,0.0,0.0,10.0,0.0
Korgmonkey,81.2,19,12,104,717,91,125,98,107,332,10,151,898,95,371,2797,0.86,6.62,11.54,34,9,1,6.89,3.39,0.12,7,32,11,5,1,18,4,24,30.77,45.45,18.37,24.49,0.23,0.15,1.28,8.83,1.12,1.54,1.21,1.32,4.09,0.12
KungFuKenny,84.6,9,4,93,714,89,118,92,109,440,21,150,824,50,332,3092,0.92,14.0,4.3,29,17,0,7.68,4.78,0.14,7,25,12,3,0,30,6,29,26.88,25.0,32.61,31.52,0.11,0.05,1.1,8.44,1.05,1.39,1.09,1.29,5.2,0.25
kutrebar,175.7,0,20,299,2054,272,294,177,190,648,30,316,2254,60,896,6179,0.65,9.49,6.69,22,13,7,6.87,3.66,0.1,15,89,23,8,5,54,7,62,29.77,34.78,30.51,35.03,0.0,0.11,1.7,11.69,1.55,1.67,1.01,1.08,3.69,0.17
kwib,114.9,4,9,89,625,80,113,137,155,1164,14,221,867,200,374,3841,1.37,6.33,10.11,33,18,0,7.02,8.5,0.3,2,18,10,2,1,41,7,55,20.22,20.0,29.93,40.15,0.03,0.08,0.77,5.44,0.7,0.98,1.19,1.35,10.13,0.12
kyri swirvin,105.7,8,14,150,982,133,176,99,127,673,15,192,1072,120,444,3775,0.72,7.81,9.33,43,28,3,6.55,6.8,0.18,8,44,18,4,2,33,3,39,29.33,22.22,33.33,39.39,0.08,0.13,1.42,9.29,1.26,1.67,0.94,1.2,6.37,0.14
laserpig,345.0,16,52,514,3303,457,598,364,456,1207,96,653,3599,215,1453,12873,0.76,14.7,10.12,141,92,5,6.43,3.32,0.09,29,134,61,25,4,80,17,114,26.07,40.98,21.98,31.32,0.05,0.15,1.49,9.57,1.32,1.73,1.06,1.32,3.5,0.28
LaVar Ball,7.4,-5,0,14,100,14,16,8,10,12,1,14,82,0,32,321,0.62,7.14,0.0,2,2,0,7.14,1.5,0.04,0,3,1,0,0,2,0,4,21.43,0.0,25.0,50.0,-0.68,0.0,1.89,13.51,1.89,2.16,1.08,1.35,1.62,0.14
lemonate,8.0,3,1,6,29,5,9,17,21,56,4,14,69,0,26,322,2.33,28.57,16.67,4,4,0,4.83,3.29,0.17,0,3,0,0,0,5,0,6,50.0,0.0,29.41,35.29,0.38,0.12,0.75,3.62,0.62,1.12,2.12,2.62,7.0,0.5
LiddiLidd,436.1,-4,42,427,2530,384,538,519,606,4211,91,793,3834,653,1624,14704,1.13,11.48,9.84,154,87,1,5.93,8.11,0.29,16,128,64,30,4,186,16,233,29.98,46.88,35.84,44.89,-0.01,0.1,0.98,5.8,0.88,1.23,1.19,1.39,9.66,0.21
Light,210.7,1,31,304,2113,269,338,198,243,782,31,385,2659,205,1083,7294,0.72,8.05,10.2,69,45,4,6.95,3.95,0.11,22,84,32,11,2,53,10,58,27.63,34.38,26.77,29.29,0.0,0.15,1.44,10.03,1.28,1.6,0.94,1.15,3.71,0.15
LilB:BallGod,277.5,-9,21,342,2336,314,425,311,405,1555,60,517,2690,180,1086,10971,0.95,11.61,6.14,111,94,7,6.83,5.0,0.14,16,75,33,8,2,64,15,95,21.93,24.24,20.58,30.55,-0.03,0.08,1.23,8.42,1.13,1.53,1.12,1.46,5.6,0.22
lizzey,401.6,19,34,388,2753,349,510,528,647,3098,104,737,3763,551,1581,13851,1.27,14.11,8.76,161,119,5,7.1,5.87,0.22,26,102,36,19,1,169,34,201,26.29,52.78,32.01,38.07,0.05,0.08,0.97,6.86,0.87,1.27,1.31,1.61,7.71,0.26
local cow,8.0,4,0,4,18,4,10,14,14,86,1,21,70,0,28,254,1.4,4.76,0.0,6,0,0,4.5,6.14,0.34,0,1,1,0,0,6,1,6,25.0,0.0,42.86,42.86,0.5,0.0,0.5,2.25,0.5,1.25,1.75,1.75,10.75,0.12
LogisticMap,680.5,-45,63,839,4714,771,962,773,893,4887,103,1255,7861,491,3175,23384,0.93,8.21,7.51,191,120,5,5.62,6.32,0.21,24,248,105,35,5,218,27,277,29.56,33.33,28.2,35.83,-0.07,0.09,1.23,6.93,1.13,1.41,1.14,1.31,7.18,0.15
long ball,80.0,6,10,80,462,70,108,84,113,395,24,160,795,15,315,2841,1.05,15.0,12.5,38,29,0,5.78,4.7,0.14,1,24,9,3,2,15,3,21,30.0,33.33,17.86,25.0,0.08,0.12,1.0,5.78,0.88,1.35,1.05,1.41,4.94,0.3
Lord Almomd,8.3,1,1,13,82,12,15,8,12,49,1,16,114,20,48,319,0.8,6.25,7.69,3,4,0,6.31,6.12,0.15,0,2,1,1,0,5,0,5,15.38,100.0,62.5,62.5,0.12,0.12,1.57,9.88,1.45,1.81,0.96,1.45,5.9,0.12
lvy,41.9,0,4,72,723,66,80,40,58,70,18,79,432,0,170,1865,0.72,22.78,5.56,14,18,2,10.04,1.75,0.04,13,11,1,0,1,8,2,12,15.28,0.0,20.0,30.0,0.0,0.1,1.72,17.26,1.58,1.91,0.95,1.38,1.67,0.43
MacbookProM4,24.9,4,2,22,191,20,29,35,38,149,2,53,187,35,81,994,1.31,3.77,9.09,9,3,0,8.68,4.26,0.15,2,2,0,0,0,11,3,13,9.09,0.0,31.43,37.14,0.16,0.08,0.88,7.67,0.8,1.16,1.41,1.53,5.98,0.08
Macbuckets,70.5,3,9,84,580,75,105,69,84,301,13,154,755,75,311,3235,0.8,8.44,10.71,30,15,0,6.9,4.36,0.09,5,20,6,4,0,12,5,16,23.81,66.67,17.39,23.19,0.04,0.13,1.19,8.23,1.06,1.49,0.98,1.19,4.27,0.18
Madoka,234.6,-8,18,241,1426,220,327,367,457,1997,79,455,2424,141,979,7022,1.4,17.36,7.47,107,90,3,5.92,5.44,0.28,11,74,34,9,1,136,12,158,30.71,26.47,37.06,43.05,-0.03,0.08,1.03,6.08,0.94,1.39,1.56,1.95,8.51,0.34
Maelstrom,212.9,15,43,359,2330,311,390,268,302,1108,43,373,2693,215,1101,6515,0.77,11.53,11.98,79,34,5,6.49,4.13,0.17,16,98,44,15,3,87,13,114,27.3,34.09,32.46,42.54,0.07,0.2,1.69,10.94,1.46,1.83,1.26,1.42,5.2,0.2
MAGNlTUDE,238.9,0,19,238,1563,219,302,347,400,2004,58,433,2325,175,937,7881,1.32,13.39,7.98,83,53,0,6.57,5.78,0.25,10,61,21,10,3,104,14,131,25.63,47.62,29.97,37.75,0.0,0.08,1.0,6.54,0.92,1.26,1.45,1.67,8.39,0.24
MarcusYallow,94.5,-26,10,122,1011,112,149,94,103,505,14,168,923,90,384,3211,0.69,8.33,8.2,37,9,0,8.29,5.37,0.16,11,26,14,5,1,27,4,33,21.31,35.71,28.72,35.11,-0.28,0.11,1.29,10.7,1.19,1.58,0.99,1.09,5.34,0.15
Marijuana,622.8,10,70,882,6225,804,1013,671,782,3220,138,1143,6335,160,2522,23397,0.77,12.07,7.94,209,111,8,7.06,4.8,0.14,45,181,74,34,4,173,36,216,20.52,45.95,25.78,32.19,0.02,0.11,1.42,10.0,1.29,1.63,1.08,1.26,5.17,0.22
Mathai,8.0,-3,1,7,58,6,10,6,8,51,4,14,80,25,37,312,0.8,28.57,14.29,4,2,0,8.29,8.5,0.16,1,2,1,0,0,2,0,2,28.57,0.0,33.33,33.33,-0.38,0.12,0.88,7.25,0.75,1.25,0.75,1.0,6.38,0.5
MaxW,32.9,-4,6,63,364,57,70,34,42,95,11,65,398,65,169,1108,0.6,16.92,9.52,13,8,0,5.78,2.79,0.09,1,23,9,5,1,2,2,3,36.51,55.56,5.88,8.82,-0.12,0.18,1.91,11.06,1.73,2.13,1.03,1.28,2.89,0.33
mc,473.4,33,74,753,4910,674,847,472,582,2129,125,877,5978,295,2403,15833,0.69,14.25,9.83,173,110,5,6.52,4.51,0.13,39,204,78,30,6,127,19,155,27.09,38.46,26.91,32.84,0.07,0.16,1.59,10.37,1.42,1.79,1.0,1.23,4.5,0.26
McDavid,5.5,5,3,10,48,7,7,5,7,19,0,10,73,20,32,160,1.0,0.0,30.0,0,2,0,4.8,3.8,0.12,0,2,1,0,0,1,0,1,20.0,0.0,20.0,20.0,0.91,0.55,1.82,8.73,1.27,1.27,0.91,1.27,3.45,0.0
McQueen,24.7,-5,0,26,184,26,36,18,23,178,8,51,182,28,77,985,0.64,15.69,0.0,10,5,0,7.08,9.89,0.18,3,8,3,1,0,9,0,10,30.77,33.33,50.0,55.56,-0.2,0.0,1.05,7.45,1.05,1.46,0.73,0.93,7.21,0.32
MDK,149.9,14,9,207,1558,197,247,178,232,617,52,267,1671,185,689,5834,0.94,19.48,4.35,50,54,1,7.53,3.47,0.11,16,45,20,5,0,50,10,59,21.74,25.0,28.09,33.15,0.09,0.06,1.38,10.39,1.31,1.65,1.19,1.55,4.12,0.35
megapoop22,47.0,-6,5,85,495,79,97,62,67,116,8,81,622,10,248,1906,0.69,9.88,5.88,18,5,1,5.82,1.87,0.06,1,26,10,6,0,16,4,19,30.59,60.0,25.81,30.65,-0.13,0.11,1.81,10.53,1.68,2.06,1.32,1.43,2.47,0.17
memnite,28.9,3,2,34,174,32,44,36,36,273,1,52,277,5,111,992,0.82,1.92,5.88,12,0,0,5.12,7.58,0.28,0,11,2,1,1,15,2,13,32.35,50.0,41.67,36.11,0.1,0.07,1.18,6.02,1.11,1.52,1.25,1.25,9.45,0.03
meowza,58.199999999999996,-8,4,64,477,60,82,87,98,610,13,105,708,50,290,1879,1.2,12.38,6.25,22,11,0,7.45,7.01,0.32,6,19,10,2,1,29,4,36,29.69,20.0,33.33,41.38,-0.14,0.07,1.1,8.2,1.03,1.41,1.49,1.68,10.48,0.22
Messi,41.2,2,8,65,496,57,67,53,63,225,8,76,536,35,217,1367,0.94,10.53,12.31,10,10,0,7.63,4.25,0.16,5,13,8,3,0,19,3,21,20.0,37.5,35.85,39.62,0.05,0.19,1.58,12.04,1.38,1.63,1.29,1.53,5.46,0.19
Messy,8.5,-1,0,3,20,3,7,10,10,76,1,16,73,15,31,281,1.43,6.25,0.0,4,0,0,6.67,7.6,0.27,0,0,0,0,0,2,1,5,0.0,0.0,20.0,50.0,-0.12,0.0,0.35,2.35,0.35,0.82,1.18,1.18,8.94,0.12
metalhead,863.1,5,72,1128,6303,1048,1375,980,1179,6352,237,1592,9075,1418,3832,33614,0.86,14.89,6.38,327,199,8,5.59,6.48,0.19,27,317,137,66,13,275,46,340,28.1,48.18,28.06,34.69,0.01,0.08,1.31,7.3,1.21,1.59,1.14,1.37,7.36,0.27
mex,27.1,-2,1,29,211,28,37,45,50,152,11,48,278,23,112,896,1.35,22.92,3.45,9,5,0,7.28,3.38,0.17,2,6,0,0,0,12,4,17,20.69,0.0,26.67,37.78,-0.07,0.04,1.07,7.79,1.03,1.37,1.66,1.85,5.61,0.41
might dino,8.0,2,1,6,31,5,6,8,9,60,0,14,43,15,19,230,1.5,0.0,16.67,1,1,0,5.17,7.5,0.26,0,0,2,0,0,2,0,4,0.0,0.0,25.0,50.0,0.25,0.12,0.75,3.88,0.62,0.75,1.0,1.12,7.5,0.0
Misery,79.2,8,11,110,583,99,116,101,132,563,23,145,904,30,358,2605,1.14,15.86,10.0,17,31,0,5.3,5.57,0.22,3,37,15,5,2,25,6,31,33.64,33.33,24.75,30.69,0.1,0.14,1.39,7.36,1.25,1.46,1.28,1.67,7.11,0.29
MoGGee,62.2,-1,4,40,323,35,70,84,102,654,12,114,501,58,203,2205,1.46,10.53,10.0,35,18,1,8.07,7.79,0.3,6,13,6,3,0,27,7,35,32.5,50.0,32.14,41.67,-0.02,0.06,0.64,5.19,0.56,1.13,1.35,1.64,10.51,0.19
MollyScully,27.4,1,1,42,243,41,47,27,31,124,2,48,348,50,148,1061,0.66,4.17,2.38,6,4,0,5.79,4.59,0.12,2,14,7,2,0,7,1,6,33.33,28.57,25.93,22.22,0.04,0.04,1.53,8.87,1.5,1.72,0.99,1.13,4.53,0.07
Monorchid,2.8,-2,0,4,48,4,5,2,2,2,0,6,40,0,16,151,0.4,0.0,0.0,1,0,0,12.0,1.0,0.01,1,0,0,0,0,1,0,1,0.0,0.0,50.0,50.0,-0.71,0.0,1.43,17.14,1.43,1.79,0.71,0.71,0.71,0.0
Montoorn,11.9,-3,1,16,67,15,18,18,20,69,1,20,125,5,49,441,1.11,5.0,6.25,3,2,0,4.19,3.83,0.16,0,7,3,1,0,4,0,3,43.75,33.33,22.22,16.67,-0.25,0.08,1.34,5.63,1.26,1.51,1.51,1.68,5.8,0.08
Moth-Ball,24.5,3,2,30,252,27,32,26,45,90,6,44,276,30,114,940,1.41,13.64,6.67,5,19,1,8.4,3.46,0.1,2,6,2,1,0,7,0,10,20.0,50.0,26.92,38.46,0.12,0.08,1.22,10.29,1.1,1.31,1.06,1.84,3.67,0.24
MOTU,8.6,1,0,13,74,13,16,7,7,48,0,16,98,10,40,317,0.44,0.0,0.0,3,0,0,5.69,6.86,0.15,0,2,1,1,0,2,1,3,15.38,100.0,28.57,42.86,0.12,0.0,1.51,8.6,1.51,1.86,0.81,0.81,5.58,0.0
Mr awesome:),169.5,8,16,139,1032,122,190,248,270,1598,35,313,1562,153,640,5471,1.42,11.18,11.51,68,22,1,7.42,6.44,0.29,10,33,18,7,3,79,16,96,23.74,38.89,31.85,38.71,0.05,0.09,0.82,6.09,0.72,1.12,1.46,1.59,9.43,0.21
MrDMoney,102.8,-26,7,128,849,120,166,110,125,690,23,192,1158,78,465,3592,0.75,11.98,5.47,46,15,1,6.63,6.27,0.19,9,36,15,5,0,27,7,32,28.12,33.33,24.55,29.09,-0.25,0.07,1.25,8.26,1.17,1.61,1.07,1.22,6.71,0.22
my fault,96.39999999999999,16,17,151,1231,130,157,96,113,348,28,188,1150,45,461,3824,0.72,14.89,11.26,27,17,4,8.15,3.62,0.09,9,37,13,6,2,23,6,26,24.5,46.15,23.96,27.08,0.17,0.18,1.57,12.77,1.35,1.63,1.0,1.17,3.61,0.29
MyLittlePony,72.8,6,3,58,361,55,91,106,122,845,23,128,556,145,245,2467,1.34,17.97,5.17,36,16,0,6.22,7.97,0.34,3,21,11,3,1,36,3,37,36.21,27.27,33.96,34.91,0.08,0.04,0.8,4.96,0.76,1.25,1.46,1.68,11.61,0.32
Mystic,369.6,21,55,451,2948,393,538,471,552,2266,67,694,4049,349,1657,13877,1.03,9.65,12.2,145,81,3,6.54,4.81,0.16,15,105,55,25,7,137,23,176,23.28,45.45,29.09,37.37,0.06,0.15,1.22,7.98,1.06,1.46,1.27,1.49,6.13,0.18
NameLEss,219.2,-1,24,281,2024,254,303,289,375,1751,59,419,2390,138,961,7271,1.24,14.08,8.54,49,86,3,7.2,6.06,0.24,16,72,32,11,1,107,15,118,25.62,34.38,37.02,40.83,-0.0,0.11,1.28,9.23,1.16,1.38,1.32,1.71,7.99,0.27
nej,225.5,-6,30,367,2915,330,400,203,231,988,46,423,2405,177,979,8990,0.58,10.87,8.17,70,28,7,7.94,4.87,0.11,25,84,24,13,3,46,12,62,22.89,54.17,22.66,30.54,-0.03,0.13,1.63,12.93,1.46,1.77,0.9,1.02,4.38,0.2
NEUhusky,75.6,-17,7,91,519,83,105,93,115,704,18,136,828,39,331,2219,1.1,13.24,7.69,22,22,1,5.7,7.57,0.32,0,29,10,2,1,29,3,43,31.87,20.0,31.18,46.24,-0.22,0.09,1.2,6.87,1.1,1.39,1.23,1.52,9.31,0.24
NeYo,17.6,3,2,27,189,25,26,19,20,59,3,32,196,10,80,716,0.77,9.38,7.41,1,1,0,7.0,3.11,0.08,1,4,1,0,0,2,0,4,14.81,0.0,10.53,21.05,0.17,0.11,1.53,10.74,1.42,1.48,1.08,1.14,3.35,0.17
nightball,67.6,-7,3,67,400,63,108,95,110,366,18,126,538,95,229,2783,1.02,14.29,4.48,45,15,1,5.97,3.85,0.13,5,18,6,5,1,30,4,40,26.87,83.33,31.58,42.11,-0.1,0.04,0.99,5.92,0.93,1.6,1.41,1.63,5.41,0.27
Nilus,197.2,19,16,219,1385,201,257,257,286,1886,36,356,2180,58,861,6244,1.11,10.11,7.31,56,29,2,6.32,7.34,0.3,11,60,16,7,0,85,14,104,27.4,43.75,33.07,40.47,0.1,0.08,1.11,7.02,1.02,1.3,1.3,1.45,9.56,0.18
No one,43.5,5,6,60,316,54,63,48,55,306,6,78,523,0,206,1400,0.87,7.69,10.0,9,7,0,5.27,6.38,0.22,1,17,7,5,1,16,2,21,28.33,71.43,33.33,43.75,0.11,0.14,1.38,7.26,1.24,1.45,1.1,1.26,7.03,0.14
Notgreat,56.5,17,15,91,498,74,94,48,53,190,8,106,498,20,202,2215,0.56,7.55,16.48,20,5,2,5.47,3.96,0.09,0,27,5,4,2,13,5,16,29.67,80.0,27.08,33.33,0.3,0.27,1.61,8.81,1.31,1.66,0.85,0.94,3.36,0.14
NUTSNUTSNUTS,118.9,-4,14,158,976,144,181,135,164,665,18,226,1290,115,527,4262,0.91,7.96,8.86,37,29,0,6.18,4.93,0.16,5,40,13,4,3,42,2,48,25.32,30.77,31.11,35.56,-0.03,0.12,1.33,8.21,1.21,1.52,1.14,1.38,5.59,0.15
NYYNYR58,85.1,4,9,125,1116,115,151,80,99,162,18,150,923,125,389,3589,0.66,12.0,7.2,36,19,1,8.93,2.02,0.05,10,20,9,3,1,14,7,17,16.0,33.33,17.5,21.25,0.05,0.11,1.47,13.11,1.35,1.77,0.94,1.16,1.9,0.21
o o l e r,183.5,6,22,215,1249,192,264,189,236,1382,31,347,1932,223,802,6182,0.89,8.93,10.23,72,47,1,5.81,7.31,0.22,6,58,25,13,1,82,14,92,26.98,52.0,43.39,48.68,0.03,0.12,1.17,6.81,1.05,1.44,1.03,1.29,7.53,0.17
o3,814.7,-10,107,1281,8662,1170,1468,754,983,2590,242,1505,9421,860,3868,28049,0.67,16.08,8.35,298,229,4,6.76,3.44,0.09,78,359,137,48,15,160,34,221,28.02,35.04,21.22,29.31,-0.01,0.13,1.57,10.63,1.44,1.8,0.93,1.21,3.18,0.3
ObliqueOwl,267.9,30,35,419,2955,382,482,305,357,1050,43,485,3212,209,1297,9489,0.74,8.87,8.35,100,52,2,7.05,3.44,0.11,25,92,39,10,2,87,15,101,21.96,25.64,28.52,33.11,0.11,0.13,1.56,11.03,1.43,1.8,1.14,1.33,3.92,0.16
Oddball,9.4,1,0,7,54,7,8,14,14,101,5,18,84,5,33,381,1.75,27.78,0.0,1,0,0,7.71,7.21,0.27,0,0,0,0,0,3,0,4,0.0,0.0,21.43,28.57,0.11,0.0,0.74,5.74,0.74,0.85,1.49,1.49,10.74,0.53
okthen,120.4,6,16,166,1093,149,179,144,165,793,32,214,1433,60,572,4151,0.92,14.95,9.64,30,21,1,6.58,5.51,0.19,8,40,13,5,1,48,6,51,24.1,38.46,33.33,35.42,0.05,0.13,1.38,9.08,1.24,1.49,1.2,1.37,6.59,0.27
Old Cob,291.5,8,35,448,2874,407,494,296,378,1227,78,511,3624,240,1466,10183,0.77,15.26,7.81,87,82,6,6.42,4.15,0.12,21,118,44,21,4,75,16,93,26.34,47.73,25.34,31.42,0.03,0.12,1.54,9.86,1.4,1.69,1.02,1.3,4.21,0.27
om,149.9,-3,24,231,1614,207,276,134,152,225,39,294,1577,100,636,5920,0.55,13.27,10.39,69,18,0,6.99,1.68,0.04,9,55,24,10,1,20,8,25,23.81,41.67,14.93,18.66,-0.02,0.16,1.54,10.77,1.38,1.84,0.89,1.01,1.5,0.26
Orinoco Flow,0.3,0,0,0,0,0,0,0,0,1,0,0,0,0,0,44,0.0,0.0,0.0,0,0,0,0.0,0.0,0.02,0,0,0,0,0,0,0,0,0.0,0.0,0.0,0.0,0.0,0.0,0.0,0.0,0.0,0.0,0.0,0.0,3.33,0.0
Osy,89.1,-25,6,127,714,119,142,92,114,436,29,168,930,40,372,3043,0.8,17.26,4.72,23,22,2,5.62,4.74,0.14,4,41,16,7,1,22,5,31,32.28,43.75,23.91,33.7,-0.28,0.07,1.43,8.01,1.34,1.59,1.03,1.28,4.89,0.33
Palps,62.3,-20,5,89,648,84,102,60,72,200,11,108,659,90,276,2480,0.71,10.19,5.62,18,12,0,7.28,3.33,0.08,5,20,8,4,1,12,3,14,22.47,50.0,20.0,23.33,-0.32,0.08,1.43,10.4,1.35,1.64,0.96,1.16,3.21,0.18
PenFifteen,132.2,-22,6,128,723,122,177,166,201,1466,25,240,1315,138,539,4351,1.14,10.42,4.69,55,35,0,5.65,8.83,0.34,4,44,17,11,1,71,7,77,34.38,64.71,42.77,46.39,-0.17,0.05,0.97,5.47,0.92,1.34,1.26,1.52,11.09,0.19
penguinharem,139.8,5,15,213,1553,196,241,139,158,347,30,254,1628,50,648,5193,0.66,11.81,7.04,45,19,2,7.29,2.5,0.07,13,53,21,10,0,30,6,43,24.88,47.62,21.58,30.94,0.04,0.11,1.52,11.11,1.4,1.72,0.99,1.13,2.48,0.21
Penis Wings,297.0,-13,40,457,3308,414,481,275,330,1215,66,539,3356,155,1343,10539,0.69,12.24,8.75,67,55,3,7.24,4.42,0.12,36,106,42,12,2,67,12,83,23.19,28.57,24.36,30.18,-0.04,0.13,1.54,11.14,1.39,1.62,0.93,1.11,4.09,0.22
Phiip,92.5,0,11,121,873,107,139,86,120,293,25,165,995,105,405,3279,0.86,15.15,9.09,32,34,3,7.21,3.41,0.09,6,30,16,5,1,13,9,20,24.79,31.25,15.12,23.26,0.0,0.12,1.31,9.44,1.16,1.5,0.93,1.3,3.17,0.27
Phil Ballins,0.6,0,0,0,0,0,0,0,0,1,0,0,0,0,0,70,0.0,0.0,0.0,0,0,0,0.0,0.0,0.01,0,0,0,0,0,0,0,0,0.0,0.0,0.0,0.0,0.0,0.0,0.0,0.0,0.0,0.0,0.0,0.0,1.67,0.0
phreak,128.3,19,10,111,571,100,138,235,277,1789,40,230,1138,168,479,3590,2.01,17.39,9.01,38,42,1,5.14,7.61,0.5,2,29,17,5,1,91,7,104,26.13,29.41,38.72,44.26,0.15,0.08,0.87,4.45,0.78,1.08,1.83,2.16,13.94,0.31
phyllis,71.2,-1,3,78,562,75,101,63,70,240,6,125,608,110,258,2901,0.69,4.8,3.85,26,7,0,7.21,3.81,0.08,5,20,4,3,0,12,2,15,25.64,75.0,19.05,23.81,-0.01,0.04,1.1,7.89,1.05,1.42,0.88,0.98,3.37,0.08
Pickle Ball,128.5,7,10,129,887,117,169,117,148,1171,22,237,1409,95,573,4495,0.88,9.28,7.75,52,31,2,6.88,10.01,0.26,4,27,15,7,1,44,10,46,20.93,46.67,37.61,39.32,0.05,0.08,1.0,6.9,0.91,1.32,0.91,1.15,9.11,0.17
Pimp,8.1,-1,0,10,83,10,14,14,16,27,1,14,82,40,40,346,1.14,7.14,0.0,4,2,0,8.3,1.93,0.08,1,2,1,0,0,0,1,1,20.0,0.0,0.0,7.14,-0.12,0.0,1.23,10.25,1.23,1.73,1.73,1.98,3.33,0.12
pit ball,3.6,-5,0,6,49,6,6,2,2,19,2,6,36,0,14,148,0.33,33.33,0.0,0,0,0,8.17,9.5,0.13,1,1,2,0,0,0,0,0,16.67,0.0,0.0,0.0,-1.39,0.0,1.67,13.61,1.67,1.67,0.56,0.56,5.28,0.56
Pnaoxt,83.6,-11,7,126,924,119,145,62,85,78,24,152,1053,95,429,3136,0.59,15.79,5.56,26,23,0,7.33,1.26,0.02,7,25,11,3,0,5,5,9,19.84,27.27,8.06,14.52,-0.13,0.08,1.51,11.05,1.42,1.73,0.74,1.02,0.93,0.29
Poeticalto,83.1,17,11,71,503,60,91,124,166,1150,36,150,805,65,325,2467,1.82,24.0,15.49,31,42,0,7.08,9.27,0.47,4,14,10,5,1,43,11,57,19.72,50.0,34.68,45.97,0.2,0.13,0.85,6.05,0.72,1.1,1.49,2.0,13.84,0.43
pontoon boat,85.2,10,14,135,697,118,135,72,86,554,16,151,1071,45,431,2642,0.64,10.6,10.37,17,14,3,5.16,7.69,0.21,3,39,19,7,0,32,4,34,28.89,36.84,44.44,47.22,0.12,0.16,1.58,8.18,1.38,1.58,0.85,1.01,6.5,0.19
poobie,86.2,7,11,170,934,158,186,82,90,212,14,159,1192,25,473,2682,0.48,8.81,6.47,28,8,1,5.49,2.59,0.08,3,46,14,6,0,17,3,22,27.06,42.86,20.73,26.83,0.08,0.13,1.97,10.84,1.83,2.16,0.95,1.04,2.46,0.16
Poppenheimer,21.6,2,2,30,197,28,34,19,22,80,5,38,262,60,116,774,0.65,13.16,6.67,6,3,0,6.57,4.21,0.1,1,8,1,0,0,4,2,10,26.67,0.0,21.05,52.63,0.09,0.09,1.39,9.12,1.3,1.57,0.88,1.02,3.7,0.23
Porps,187.8,6,12,179,1074,167,249,267,326,2206,57,360,1798,230,750,6000,1.31,15.83,6.7,82,59,0,6.0,8.26,0.37,8,56,18,9,2,125,14,132,31.28,50.0,46.82,49.44,0.03,0.06,0.95,5.72,0.89,1.33,1.42,1.74,11.75,0.3
PotatoPotato,42.0,5,4,59,410,55,72,34,45,93,15,81,378,5,149,1578,0.62,18.52,6.78,17,11,0,6.95,2.74,0.06,2,13,5,3,0,6,1,10,22.03,60.0,17.65,29.41,0.12,0.1,1.4,9.76,1.31,1.71,0.81,1.07,2.21,0.36
praopraoprao,66.1,-20,4,74,400,70,94,66,81,718,22,120,606,91,255,2169,0.86,18.33,5.41,24,15,0,5.41,10.88,0.33,1,26,9,5,0,25,4,31,35.14,55.56,37.88,46.97,-0.3,0.06,1.12,6.05,1.06,1.42,1.0,1.23,10.86,0.33
Prime,290.2,31,47,483,2657,432,510,305,375,1337,71,517,3730,270,1516,9162,0.74,13.73,9.73,78,70,4,5.5,4.38,0.15,16,170,51,15,4,73,22,98,35.2,29.41,23.93,32.13,0.11,0.16,1.66,9.16,1.49,1.76,1.05,1.29,4.61,0.24
Princess*,6.9,-5,0,10,97,9,10,4,4,10,0,12,78,5,31,353,0.4,0.0,0.0,1,0,1,9.7,2.5,0.03,1,1,0,0,0,1,0,1,10.0,0.0,25.0,25.0,-0.72,0.0,1.45,14.06,1.3,1.45,0.58,0.58,1.45,0.0
profquibb,55.7,-13,4,64,514,59,68,88,97,501,5,99,479,35,195,2191,1.43,5.05,6.25,9,9,1,8.03,5.69,0.23,5,12,6,1,0,31,0,38,18.75,16.67,35.23,43.18,-0.23,0.07,1.15,9.23,1.06,1.22,1.58,1.74,8.99,0.09
PuyoPuyo,368.3,5,36,536,4408,499,636,333,385,1500,54,677,3564,285,1459,14462,0.61,7.98,6.72,137,52,1,8.22,4.5,0.1,42,101,47,18,2,77,14,91,18.84,38.3,23.12,27.33,0.01,0.1,1.46,11.97,1.35,1.73,0.9,1.05,4.07,0.15
R0ast Beaf,8.0,3,0,9,54,9,12,6,13,27,1,14,101,60,52,277,1.08,7.14,0.0,3,7,0,6.0,4.5,0.1,1,3,0,0,0,1,0,3,33.33,0.0,16.67,50.0,0.38,0.0,1.12,6.75,1.12,1.5,0.75,1.62,3.38,0.12
RageQuit,24.6,4,6,26,299,19,28,26,31,194,8,44,164,105,85,848,1.11,18.18,23.08,9,5,1,11.5,7.46,0.23,5,6,2,0,2,7,1,8,23.08,0.0,26.92,30.77,0.16,0.24,1.06,12.15,0.77,1.14,1.06,1.26,7.89,0.33
Ragnar,134.5,-4,11,156,1145,144,190,149,184,520,26,252,1108,119,457,4888,0.97,10.32,7.05,46,35,1,7.34,3.49,0.11,8,29,16,7,0,38,7,48,18.59,43.75,25.5,32.21,-0.03,0.08,1.16,8.51,1.07,1.41,1.11,1.37,3.87,0.19
rai,177.4,-19,13,210,1495,193,243,181,199,1025,16,329,1670,256,702,5938,0.82,4.86,6.19,50,18,4,7.12,5.66,0.17,10,54,20,8,2,43,5,55,25.71,40.0,23.76,30.39,-0.11,0.07,1.18,8.43,1.09,1.37,1.02,1.12,5.78,0.09
RASCAL,26.4,3,1,31,264,29,43,31,34,163,6,46,277,15,111,971,0.79,13.04,3.23,14,3,1,8.52,5.26,0.17,2,4,1,0,0,9,1,9,12.9,0.0,29.03,29.03,0.11,0.04,1.17,10.0,1.1,1.63,1.17,1.29,6.17,0.23
Rascasse,198.7,9,9,95,561,83,202,272,297,2061,30,391,1098,290,490,7496,1.47,7.67,9.47,119,25,3,5.91,7.58,0.27,5,30,15,7,0,110,12,114,31.58,46.67,40.44,41.91,0.05,0.05,0.48,2.82,0.42,1.02,1.37,1.49,10.37,0.15
Rat King,35.6,-5,8,42,542,34,51,30,40,93,4,62,249,65,109,1424,0.78,6.45,19.05,17,10,0,12.9,3.1,0.07,10,8,2,0,0,10,1,9,19.05,0.0,33.33,30.0,-0.14,0.22,1.18,15.22,0.96,1.43,0.84,1.12,2.61,0.11
Rayn,50.9,3,6,51,345,43,68,53,62,219,14,86,528,15,211,1974,0.91,16.28,11.76,25,9,2,6.76,4.13,0.11,4,10,4,0,1,15,3,22,19.61,0.0,28.3,41.51,0.06,0.12,1.0,6.78,0.84,1.34,1.04,1.22,4.3,0.28
rc,151.8,11,10,169,960,157,217,177,217,1055,47,281,1617,83,648,5210,1.0,16.73,5.92,60,40,2,5.68,5.96,0.2,7,52,21,9,0,60,7,78,30.77,42.86,33.9,44.07,0.07,0.07,1.11,6.32,1.03,1.43,1.17,1.43,6.95,0.31
realtea,257.1,16,21,225,1864,203,265,381,482,2921,111,495,2332,110,928,7795,1.82,22.42,9.33,62,101,1,8.28,7.67,0.37,20,52,20,8,3,148,24,173,23.11,40.0,38.85,45.41,0.06,0.08,0.88,7.25,0.79,1.03,1.48,1.87,11.36,0.43
rebel fox,113.7,-13,8,121,619,112,159,111,128,828,16,220,1152,110,474,3472,0.81,7.27,6.61,47,17,1,5.12,7.46,0.24,2,37,9,5,3,38,7,40,30.58,55.56,34.23,36.04,-0.11,0.07,1.06,5.44,0.99,1.4,0.98,1.13,7.28,0.14
Redstone,7.0,5,0,2,45,2,2,14,16,83,2,12,27,5,11,251,8.0,16.67,0.0,0,2,0,22.5,5.93,0.33,1,1,0,0,0,4,0,6,50.0,0.0,28.57,42.86,0.71,0.0,0.29,6.43,0.29,0.29,2.0,2.29,11.86,0.29
Remy,21.6,-4,2,20,120,18,26,28,28,77,4,38,207,0,80,899,1.08,10.53,10.0,8,0,0,6.0,2.75,0.09,0,5,1,0,0,9,1,10,25.0,0.0,32.14,35.71,-0.19,0.09,0.93,5.56,0.83,1.2,1.3,1.3,3.56,0.19
Rick G. #853,17.3,-3,1,21,148,20,24,17,23,127,6,32,205,15,83,635,0.96,18.75,4.76,4,6,0,7.05,7.47,0.2,1,4,4,2,0,7,0,8,19.05,50.0,41.18,47.06,-0.17,0.06,1.21,8.55,1.16,1.39,0.98,1.33,7.34,0.35
rina,176.1,-13,20,224,1806,202,239,213,251,1275,44,334,1821,218,757,5653,1.05,13.17,8.93,37,38,2,8.06,5.99,0.23,16,48,17,6,2,69,4,86,21.43,35.29,32.39,40.38,-0.07,0.11,1.27,10.26,1.15,1.36,1.21,1.43,7.24,0.25
Ritual,193.2,0,11,216,1569,201,256,305,369,1778,56,345,1892,139,764,6231,1.44,16.23,5.09,55,64,4,7.26,5.83,0.29,15,61,21,2,0,105,15,116,28.24,9.52,34.43,38.03,0.0,0.06,1.12,8.12,1.04,1.33,1.58,1.91,9.2,0.29
Rizz,150.3,-5,6,203,1295,195,259,131,151,588,13,292,1536,110,624,5932,0.58,4.45,2.96,64,20,2,6.38,4.49,0.1,8,63,21,8,1,26,7,33,31.03,38.1,19.85,25.19,-0.03,0.04,1.35,8.62,1.3,1.72,0.87,1.0,3.91,0.09
rizzmaster,143.0,2,10,183,1096,171,218,125,151,930,22,270,1367,135,563,5556,0.69,8.15,5.46,47,26,2,5.99,7.44,0.17,4,58,23,9,0,52,5,65,31.69,39.13,41.6,52.0,0.01,0.07,1.28,7.66,1.2,1.52,0.87,1.06,6.5,0.15
Robiny,82.5,-2,7,91,597,83,110,82,106,547,25,155,813,30,324,3170,0.96,16.13,7.69,27,24,1,6.56,6.67,0.17,3,22,10,3,0,25,3,28,24.18,30.0,30.49,34.15,-0.02,0.08,1.1,7.24,1.01,1.33,0.99,1.28,6.63,0.3
ROBOPOP_,17.3,1,3,24,235,20,23,17,21,48,5,32,149,5,59,689,0.91,15.62,12.5,3,4,1,9.79,2.82,0.07,2,2,1,0,0,3,0,6,8.33,0.0,17.65,35.29,0.06,0.17,1.39,13.58,1.16,1.33,0.98,1.21,2.77,0.29
RodandoAndo,41.4,-3,4,51,289,47,60,34,41,166,9,75,429,45,179,1673,0.68,12.0,7.84,13,7,0,5.67,4.88,0.1,2,19,6,6,0,11,1,12,37.25,100.0,32.35,35.29,-0.07,0.1,1.23,6.98,1.14,1.45,0.82,0.99,4.01,0.22
rolf,72.0,4,6,86,705,79,104,85,97,353,18,128,857,70,350,2840,0.93,14.06,6.98,25,12,1,8.2,4.15,0.12,9,21,12,6,2,25,2,23,24.42,50.0,29.41,27.06,0.06,0.08,1.19,9.79,1.1,1.44,1.18,1.35,4.9,0.25
rollingstone,52.8,5,6,103,522,96,119,19,30,13,10,102,650,70,270,2132,0.25,9.8,5.83,23,11,1,5.07,0.68,0.01,1,29,15,8,1,0,1,1,28.16,53.33,0.0,5.26,0.09,0.11,1.95,9.89,1.82,2.25,0.36,0.57,0.25,0.19
RoVo,66.8,11,8,88,645,77,102,98,116,334,20,118,728,45,295,2559,1.14,16.95,9.09,25,18,3,7.33,3.41,0.13,8,26,13,8,3,15,2,22,29.55,61.54,15.31,22.45,0.16,0.12,1.32,9.66,1.15,1.53,1.47,1.74,5.0,0.3
Roxas,370.4,18,51,472,2782,420,562,492,568,2552,94,670,4184,358,1701,12485,1.01,14.03,10.81,142,76,1,5.89,5.19,0.2,17,124,69,22,8,178,26,186,26.27,31.88,36.18,37.8,0.05,0.14,1.27,7.51,1.13,1.52,1.33,1.53,6.89,0.25
Rudey,165.0,-25,11,138,870,124,186,269,307,1709,37,313,1370,90,550,5304,1.65,11.82,7.97,62,38,3,6.3,6.35,0.32,7,47,18,7,1,106,7,121,34.06,38.89,39.41,44.98,-0.15,0.07,0.84,5.27,0.75,1.13,1.63,1.86,10.36,0.22
Russ,419.5,20,28,390,2777,360,520,710,813,4474,136,780,3860,567,1619,13625,1.56,17.44,7.18,160,103,2,7.12,6.3,0.33,29,110,52,11,1,280,30,326,28.21,21.15,39.44,45.92,0.05,0.07,0.93,6.62,0.86,1.24,1.69,1.94,10.67,0.32
Sadness,75.3,14,15,107,689,91,103,73,92,459,20,132,887,78,361,2317,0.89,15.15,14.02,12,19,1,6.44,6.29,0.2,6,26,17,5,2,27,4,26,24.3,29.41,36.99,35.62,0.19,0.2,1.42,9.15,1.21,1.37,0.97,1.22,6.1,0.27
Salmond Milk,8.0,2,1,13,92,12,16,17,17,13,0,14,60,0,24,328,1.06,0.0,7.69,4,0,0,7.08,0.76,0.04,1,2,0,0,0,3,1,3,15.38,0.0,17.65,17.65,0.25,0.12,1.62,11.5,1.5,2.0,2.12,2.12,1.62,0.0
Sambal 1,61.2,4,7,78,615,71,89,80,94,311,8,108,612,63,252,2269,1.06,7.41,8.97,18,14,0,7.88,3.89,0.14,6,15,14,4,1,28,4,33,19.23,28.57,35.0,41.25,0.07,0.11,1.27,10.05,1.16,1.45,1.31,1.54,5.08,0.13
Sanik,13.8,-4,2,22,120,20,21,14,14,102,1,24,139,0,54,434,0.67,4.17,9.09,1,0,0,5.45,7.29,0.24,0,4,1,1,0,8,0,7,18.18,100.0,57.14,50.0,-0.29,0.14,1.59,8.7,1.45,1.52,1.01,1.01,7.39,0.07
Schweddys,33.5,-5,1,45,423,43,58,23,32,56,11,62,362,10,144,1358,0.55,17.74,2.22,15,9,1,9.4,2.43,0.04,5,9,4,3,0,1,1,1,20.0,75.0,4.35,4.35,-0.15,0.03,1.34,12.63,1.28,1.73,0.69,0.96,1.67,0.33
Secondskin,16.6,0,0,13,115,12,21,30,30,166,3,30,154,0,60,696,1.43,10.0,0.0,9,0,1,8.85,5.53,0.24,2,2,1,0,0,11,2,13,15.38,0.0,36.67,43.33,0.0,0.0,0.78,6.93,0.72,1.27,1.81,1.81,10.0,0.18
Sgt Ducky,30.4,6,1,30,219,29,38,32,35,265,3,54,315,5,123,1133,0.92,5.56,3.33,9,3,0,7.3,8.28,0.23,1,2,3,1,1,10,1,13,6.67,33.33,31.25,40.62,0.2,0.03,0.99,7.2,0.95,1.25,1.05,1.15,8.72,0.1
Shit,8.0,-4,0,10,131,9,11,4,6,17,0,14,49,30,24,366,0.55,0.0,0.0,2,2,1,13.1,4.25,0.05,4,2,1,0,0,1,0,1,20.0,0.0,25.0,25.0,-0.5,0.0,1.25,16.38,1.12,1.38,0.5,0.75,2.12,0.0
sholmes,86.2,13,20,150,1078,127,172,87,107,307,21,176,764,75,313,2960,0.62,11.93,13.33,45,20,3,7.19,3.53,0.1,11,40,11,5,1,15,2,20,26.67,45.45,17.24,22.99,0.15,0.23,1.74,12.51,1.47,2.0,1.01,1.24,3.56,0.24
Sick Fuck,47.1,-4,6,57,481,51,65,47,57,193,12,103,491,95,213,1689,0.88,11.65,10.53,14,10,0,8.44,4.11,0.11,5,13,6,4,1,7,4,8,22.81,66.67,14.89,17.02,-0.08,0.13,1.21,10.21,1.08,1.38,1.0,1.21,4.1,0.25
sicky,61.5,-13,4,73,615,69,94,54,71,181,18,117,647,50,264,2377,0.76,15.38,5.48,25,17,0,8.42,3.35,0.08,6,18,4,2,1,14,3,18,24.66,50.0,25.93,33.33,-0.21,0.07,1.19,10.0,1.12,1.53,0.88,1.15,2.94,0.29
sieh,314.5,11,41,459,2254,411,558,300,378,2037,77,584,3575,165,1431,10165,0.68,13.18,8.93,147,78,7,4.91,6.79,0.2,9,152,61,21,6,92,20,113,33.12,34.43,30.67,37.67,0.03,0.13,1.46,7.17,1.31,1.77,0.95,1.2,6.48,0.24
SIGKILL,10.8,-5,0,11,92,11,17,10,10,22,2,25,86,5,35,461,0.59,8.0,0.0,6,0,0,8.36,2.2,0.05,1,4,1,1,0,1,0,3,36.36,100.0,10.0,30.0,-0.46,0.0,1.02,8.52,1.02,1.57,0.93,0.93,2.04,0.19
Signus-X,8.0,3,0,2,6,2,8,11,13,94,1,21,65,0,26,228,1.62,4.76,0.0,6,2,0,3.0,8.55,0.41,0,0,0,0,0,5,1,6,0.0,0.0,45.45,54.55,0.38,0.0,0.25,0.75,0.25,1.0,1.38,1.62,11.75,0.12
SilentOne,181.8,-3,21,286,2128,259,302,210,248,593,47,342,2090,80,836,6931,0.82,13.74,7.34,43,38,6,7.44,2.82,0.09,17,66,27,9,3,31,5,48,23.08,33.33,14.76,22.86,-0.02,0.12,1.57,11.71,1.42,1.66,1.16,1.36,3.26,0.26
sinagot,77.9,-19,4,91,521,86,115,84,89,464,6,135,645,90,270,3051,0.77,4.44,4.4,29,5,1,5.73,5.52,0.15,2,29,12,8,0,21,6,26,31.87,66.67,25.0,30.95,-0.24,0.05,1.17,6.69,1.1,1.48,1.08,1.14,5.96,0.08
Sinatra,62.4,-11,4,51,454,46,70,67,79,606,11,110,464,40,188,2311,1.13,10.0,7.84,24,12,1,8.9,9.04,0.26,5,10,5,2,1,13,2,15,19.61,40.0,19.4,22.39,-0.18,0.06,0.82,7.28,0.74,1.12,1.07,1.27,9.71,0.18
Sir Cle Jerk,40.0,5,4,58,304,54,68,32,45,93,12,81,458,40,188,1531,0.66,14.81,6.9,14,13,0,5.24,2.91,0.06,1,19,11,5,0,7,4,8,32.76,45.45,21.88,25.0,0.12,0.1,1.45,7.6,1.35,1.7,0.8,1.12,2.33,0.3
skee lo,51.1,-11,5,71,464,66,85,47,52,355,8,101,545,28,219,1782,0.61,7.92,7.04,19,5,0,6.54,7.55,0.2,2,20,9,6,1,7,0,13,28.17,66.67,14.89,27.66,-0.22,0.1,1.39,9.08,1.29,1.66,0.92,1.02,6.95,0.16
skibbity,132.1,-3,10,173,1320,162,217,125,158,757,37,242,1382,85,555,4853,0.73,15.29,5.78,55,33,1,7.63,6.06,0.16,11,44,17,6,0,31,8,45,25.43,35.29,24.8,36.0,-0.02,0.08,1.31,9.99,1.23,1.64,0.95,1.2,5.73,0.28
Skip,94.3,-15,8,157,1128,147,178,48,59,67,9,168,1053,205,457,3659,0.33,5.36,5.1,31,11,2,7.18,1.4,0.02,10,52,18,5,1,8,2,8,33.12,27.78,16.67,16.67,-0.16,0.08,1.66,11.96,1.56,1.89,0.51,0.63,0.71,0.1
SleepyBoi,281.5,28,35,388,2479,353,434,275,320,1194,58,519,3175,230,1286,8573,0.74,11.18,9.02,81,45,0,6.39,4.34,0.14,13,95,49,16,2,68,10,93,24.48,32.65,24.73,33.82,0.1,0.12,1.38,8.81,1.25,1.54,0.98,1.14,4.24,0.21
slime666,73.5,5,12,125,764,112,131,80,85,302,5,135,874,40,352,2878,0.65,3.7,9.6,19,5,1,6.11,3.78,0.1,5,35,15,2,1,17,2,26,28.0,13.33,21.25,32.5,0.07,0.16,1.7,10.39,1.52,1.78,1.09,1.16,4.11,0.07
SluffAndRuff,83.4,3,11,106,820,95,116,109,126,536,25,164,819,20,324,2391,1.09,15.24,10.38,21,17,0,7.74,4.92,0.22,7,27,14,6,1,42,5,45,25.47,42.86,38.53,41.28,0.04,0.13,1.27,9.83,1.14,1.39,1.31,1.51,6.43,0.3
SmallyBigs,218.2,47,29,341,2156,309,382,249,298,1026,36,413,2580,221,1053,7296,0.78,8.72,8.5,73,49,3,6.32,4.12,0.14,14,97,39,23,1,65,13,96,28.45,58.97,26.1,38.55,0.22,0.13,1.56,9.88,1.42,1.75,1.14,1.37,4.7,0.16
smelly cat,21.2,11,7,35,203,28,33,25,37,78,6,38,238,5,93,733,1.12,15.79,20.0,5,12,0,5.8,3.12,0.11,0,6,3,3,0,3,5,4,17.14,100.0,12.0,16.0,0.52,0.33,1.65,9.58,1.32,1.56,1.18,1.75,3.68,0.28
smoji_,131.9,13,14,176,1146,161,203,113,150,774,33,239,1464,167,610,4529,0.74,13.81,7.95,42,37,1,6.51,6.85,0.17,12,59,30,12,2,30,4,29,33.52,40.0,26.55,25.66,0.1,0.11,1.33,8.69,1.22,1.54,0.86,1.14,5.87,0.25
snackpack,236.2,10,29,310,1617,278,357,292,320,1670,29,436,2636,303,1090,7986,0.9,6.65,9.35,79,28,3,5.22,5.72,0.21,7,92,36,17,3,87,12,100,29.68,47.22,29.79,34.25,0.04,0.12,1.31,6.85,1.18,1.51,1.24,1.35,7.07,0.12
snaxolotl,431.7,19,89,756,5330,661,753,324,421,613,99,792,5566,280,2238,16053,0.56,12.5,11.77,92,97,6,7.05,1.89,0.04,35,160,66,23,7,48,12,67,21.16,34.85,14.81,20.68,0.04,0.21,1.75,12.35,1.53,1.74,0.75,0.98,1.42,0.23
Snekster,251.0,2,26,336,2515,305,393,235,269,1003,35,471,2374,180,960,9963,0.68,7.43,7.74,88,34,5,7.49,4.27,0.1,25,86,43,25,1,53,13,65,25.6,58.14,22.55,27.66,0.01,0.1,1.34,10.02,1.22,1.57,0.94,1.07,4.0,0.14
Solo Dolo,10.9,0,2,19,47,17,19,21,21,38,1,18,128,0,48,357,1.11,5.56,10.53,2,0,0,2.47,1.81,0.11,0,12,3,1,0,4,0,5,63.16,33.33,19.05,23.81,0.0,0.18,1.74,4.31,1.56,1.74,1.93,1.93,3.49,0.09
solongloser,125.60000000000001,2,23,221,1349,197,215,111,122,386,21,222,1468,20,580,4525,0.57,9.46,10.41,18,11,1,6.1,3.48,0.09,7,53,16,6,0,23,5,32,23.98,37.5,20.72,28.83,0.02,0.18,1.76,10.74,1.57,1.71,0.88,0.97,3.07,0.17
Some BalI,24.0,-2,1,38,262,36,39,26,26,117,2,42,282,0,110,904,0.67,4.76,2.63,3,0,1,6.89,4.5,0.13,3,12,2,1,0,9,0,9,31.58,50.0,34.62,34.62,-0.08,0.04,1.58,10.92,1.5,1.62,1.08,1.08,4.88,0.08
Some Ball 1,97.3,-8,13,158,1302,145,173,120,128,265,15,181,1063,80,434,3759,0.74,8.29,8.23,28,8,0,8.24,2.21,0.07,9,24,10,3,1,17,3,28,15.19,30.0,14.17,23.33,-0.08,0.13,1.62,13.38,1.49,1.78,1.23,1.32,2.72,0.15
Some Ball 64,58.5,7,2,33,156,31,48,139,171,561,12,104,406,15,159,2003,3.56,11.54,6.06,17,32,0,4.73,4.04,0.28,1,13,9,4,0,45,5,60,39.39,44.44,32.37,43.17,0.12,0.03,0.56,2.67,0.53,0.82,2.38,2.92,9.59,0.21
Some Baloney,0.2,-1,0,1,0,0,0,1,1,1,0,0,0,0,0,6,0.0,0.0,0.0,0,0,1,0.0,1.0,0.17,0,1,0,0,0,0,0,0,100.0,0.0,0.0,0.0,-5.0,0.0,5.0,0.0,0.0,0.0,5.0,5.0,5.0,0.0
Some Boat 1,13.2,-4,1,18,117,17,23,16,22,91,6,24,135,20,56,423,0.96,25.0,5.56,6,6,0,6.5,5.69,0.22,1,6,3,0,0,8,1,8,33.33,0.0,50.0,50.0,-0.3,0.08,1.36,8.86,1.29,1.74,1.21,1.67,6.89,0.45
SomeBall41,22.5,0,1,22,126,21,26,37,37,160,2,42,230,0,90,918,1.42,4.76,4.55,5,0,0,5.73,4.32,0.17,1,5,5,2,0,14,2,15,22.73,40.0,37.84,40.54,0.0,0.04,0.98,5.6,0.93,1.16,1.64,1.64,7.11,0.09
SomeKen,24.1,-6,3,28,230,25,34,43,45,189,5,42,243,25,99,894,1.32,11.9,10.71,9,2,0,8.21,4.4,0.21,3,4,1,0,2,18,1,24,14.29,0.0,41.86,55.81,-0.25,0.12,1.16,9.54,1.04,1.41,1.78,1.87,7.84,0.21
Sommeballier,23.200000000000003,9,1,18,204,17,23,40,41,198,7,45,256,15,103,809,1.78,15.56,5.56,6,1,0,11.33,4.95,0.24,3,3,1,0,0,13,2,16,16.67,0.0,32.5,40.0,0.39,0.04,0.78,8.79,0.73,0.99,1.72,1.77,8.53,0.3
SoulCake,192.5,1,15,186,1148,167,227,247,299,1955,49,352,2077,139,843,5957,1.32,13.92,8.06,60,52,4,6.17,7.91,0.33,4,50,26,12,0,88,11,102,26.88,46.15,35.63,41.3,0.01,0.08,0.97,5.96,0.87,1.18,1.28,1.55,10.16,0.25
SoulSauce,86.9,16,15,147,1092,132,154,64,81,161,17,157,903,40,364,3428,0.53,10.83,10.2,22,17,0,7.43,2.52,0.05,8,27,16,6,2,9,1,12,18.37,37.5,14.06,18.75,0.18,0.17,1.69,12.57,1.52,1.77,0.74,0.93,1.85,0.2
Soupy,7.7,-5,2,17,109,15,15,4,5,19,3,14,88,10,36,284,0.33,21.43,11.76,0,1,0,6.41,4.75,0.07,0,5,2,1,1,1,0,1,29.41,50.0,25.0,25.0,-0.65,0.26,2.21,14.16,1.95,1.95,0.52,0.65,2.47,0.39
Sphero Agnew,18.3,-4,0,20,126,20,25,33,36,103,3,31,162,25,67,741,1.44,9.68,0.0,5,3,0,6.3,3.12,0.14,2,8,2,1,0,11,2,15,40.0,50.0,33.33,45.45,-0.22,0.0,1.09,6.89,1.09,1.37,1.8,1.97,5.63,0.16
SphinctrSlyr,28.0,3,2,43,232,39,45,41,44,158,7,46,286,32,120,1124,0.98,15.22,4.65,6,3,2,5.4,3.85,0.14,1,10,7,4,1,5,0,6,23.26,57.14,12.2,14.63,0.11,0.07,1.54,8.29,1.39,1.61,1.46,1.57,5.64,0.25
Spiff,0.3,-1,0,0,0,0,0,0,0,2,0,0,0,0,0,33,0.0,0.0,0.0,0,0,0,0.0,0.0,0.06,0,0,0,0,0,0,0,0,0.0,0.0,0.0,0.0,-3.33,0.0,0.0,0.0,0.0,0.0,0.0,0.0,6.67,0.0
spills,43.4,2,9,61,667,49,65,37,54,32,16,83,446,110,198,1750,0.83,19.28,14.75,16,17,3,10.93,0.86,0.02,11,10,4,3,1,2,1,6,16.39,75.0,5.41,16.22,0.05,0.21,1.41,15.37,1.13,1.5,0.85,1.24,0.74,0.37
Squeeb,47.6,6,11,78,574,67,79,72,87,223,17,86,526,10,210,1870,1.1,19.77,14.1,12,15,0,7.36,3.1,0.12,3,14,7,1,1,24,2,26,17.95,14.29,33.33,36.11,0.13,0.23,1.64,12.06,1.41,1.66,1.51,1.83,4.68,0.36
Squish,143.8,-10,6,175,1130,169,223,160,191,513,31,253,1504,88,609,5419,0.86,12.25,3.43,54,31,0,6.46,3.21,0.09,10,48,17,7,2,37,4,48,27.43,41.18,23.12,30.0,-0.07,0.04,1.22,7.86,1.18,1.55,1.11,1.33,3.57,0.22
Stronk,144.4,-10,13,153,837,138,181,163,198,1480,41,267,1650,150,676,4404,1.09,15.36,8.5,43,35,2,5.47,9.08,0.34,3,52,21,5,2,54,10,59,33.99,23.81,33.13,36.2,-0.07,0.09,1.06,5.8,0.96,1.25,1.13,1.37,10.25,0.28
suicidebypop,11.1,8,3,14,103,11,18,15,15,49,1,20,108,5,43,323,0.83,5.0,21.43,7,0,0,7.36,3.27,0.15,0,2,1,0,0,7,4,10,14.29,0.0,46.67,66.67,0.72,0.27,1.26,9.28,0.99,1.62,1.35,1.35,4.41,0.09
supergremlin,82.3,-6,3,92,810,88,121,99,107,631,12,150,785,145,337,3191,0.88,8.0,3.26,33,8,1,8.8,6.37,0.2,11,16,7,2,0,38,2,41,17.39,28.57,38.38,41.41,-0.07,0.04,1.12,9.84,1.07,1.47,1.2,1.3,7.67,0.15
SuperPoopman,158.2,-33,8,234,1476,225,286,179,200,682,41,283,1633,50,656,6133,0.7,14.49,3.42,61,21,1,6.31,3.81,0.11,8,61,28,12,0,41,7,56,26.07,42.86,22.91,31.28,-0.21,0.05,1.48,9.33,1.42,1.81,1.13,1.26,4.31,0.26
Sussy Blocka,41.0,-10,3,63,370,59,70,45,52,169,9,74,459,15,183,1589,0.74,12.16,4.76,11,7,1,5.87,3.76,0.11,3,17,7,3,0,13,2,15,26.98,42.86,28.89,33.33,-0.24,0.07,1.54,9.02,1.44,1.71,1.1,1.27,4.12,0.22
SWAGSTEIN2.0,16.8,1,0,17,145,17,21,30,36,132,4,28,153,0,60,663,1.71,14.29,0.0,4,6,0,8.53,4.4,0.2,1,3,2,1,0,11,1,14,17.65,50.0,36.67,46.67,0.06,0.0,1.01,8.63,1.01,1.25,1.79,2.14,7.86,0.24
Sway,84.2,-7,13,123,934,109,138,88,104,470,13,145,909,65,367,3013,0.75,8.97,10.57,29,16,1,7.59,5.34,0.16,10,25,14,7,3,21,4,26,20.33,50.0,23.86,29.55,-0.08,0.15,1.46,11.09,1.29,1.64,1.05,1.24,5.58,0.15
Swift,36.2,2,5,57,342,52,64,48,49,158,3,67,467,65,197,1418,0.77,4.48,8.77,12,1,0,6.0,3.29,0.11,1,14,2,1,0,13,2,25,24.56,50.0,27.08,52.08,0.06,0.14,1.57,9.45,1.44,1.77,1.33,1.35,4.36,0.08
Swully,126.2,-29,6,160,1045,151,212,162,187,950,28,231,1137,155,476,4678,0.88,12.12,3.75,61,25,3,6.53,5.86,0.2,7,37,20,10,1,47,6,60,23.12,50.0,29.01,37.04,-0.23,0.05,1.27,8.28,1.2,1.68,1.28,1.48,7.53,0.22
T.Bomballdil,159.9,9,12,211,1425,198,241,185,231,876,40,284,1799,158,731,5888,0.96,14.08,5.69,43,46,1,6.75,4.74,0.15,11,51,22,6,0,52,11,66,24.17,27.27,28.11,35.68,0.06,0.08,1.32,8.91,1.24,1.51,1.16,1.44,5.48,0.25
T_Y,38.8,2,4,32,298,27,52,48,67,237,10,84,347,40,144,1541,1.29,11.9,12.5,25,19,1,9.31,4.94,0.15,3,4,2,2,0,19,4,20,12.5,100.0,39.58,41.67,0.05,0.1,0.82,7.68,0.7,1.34,1.24,1.73,6.11,0.26
Taurus,82.3,8,10,90,680,79,102,107,116,705,16,147,778,30,310,2848,1.14,10.88,11.11,23,9,1,7.56,6.59,0.25,6,21,6,2,1,34,8,35,23.33,33.33,31.78,32.71,0.1,0.12,1.09,8.26,0.96,1.24,1.3,1.41,8.57,0.19
tbiol,63.1,-2,3,53,538,50,74,63,107,280,31,111,519,102,223,2667,1.45,27.93,5.66,24,44,0,10.15,4.44,0.1,8,13,6,1,1,14,5,25,24.53,16.67,22.22,39.68,-0.03,0.05,0.84,8.53,0.79,1.17,1.0,1.7,4.44,0.49
Ted,161.8,9,32,281,2414,244,275,99,117,379,41,307,1928,130,780,5816,0.43,13.36,11.39,31,18,5,8.59,3.83,0.07,28,48,15,10,6,22,2,30,17.08,66.67,22.22,30.3,0.06,0.2,1.74,14.92,1.51,1.7,0.61,0.72,2.34,0.25
TERROR NUGS,113.3,1,12,124,999,110,152,164,187,1035,23,207,1005,148,423,3916,1.23,11.11,9.68,42,23,2,8.06,6.31,0.26,9,31,12,4,2,50,8,68,25.0,33.33,30.49,41.46,0.01,0.11,1.09,8.82,0.97,1.34,1.45,1.65,9.14,0.2
Terry,8.9,-1,1,16,124,15,16,6,6,27,0,16,108,0,42,389,0.38,0.0,6.25,1,0,0,7.75,4.5,0.07,2,4,0,0,0,2,0,2,25.0,0.0,33.33,33.33,-0.11,0.11,1.8,13.93,1.69,1.8,0.67,0.67,3.03,0.0
tha king,238.3,0,18,260,1996,239,317,280,322,1610,60,450,2547,115,1021,8002,1.02,13.33,6.92,78,42,3,7.68,5.75,0.2,19,69,22,9,0,71,23,89,26.54,40.91,25.36,31.79,0.0,0.08,1.09,8.38,1.0,1.33,1.17,1.35,6.76,0.25
The Bhutan,7.3,5,1,9,67,8,8,10,10,48,1,14,40,0,16,259,1.25,7.14,11.11,0,0,0,7.44,4.8,0.19,0,0,0,0,0,4,0,5,0.0,0.0,40.0,50.0,0.68,0.14,1.23,9.18,1.1,1.1,1.37,1.37,6.58,0.14
TheBadBall,31.799999999999997,0,3,42,215,39,57,18,18,203,1,72,351,20,142,1163,0.32,1.39,7.14,18,0,0,5.12,11.28,0.17,0,15,1,1,2,5,1,6,35.71,100.0,27.78,33.33,0.0,0.09,1.32,6.76,1.23,1.79,0.57,0.57,6.38,0.03
TheBob18,23.3,-8,6,42,256,36,41,38,40,89,3,42,285,35,119,885,0.98,7.14,14.29,5,2,0,6.1,2.34,0.1,1,7,7,5,0,9,3,12,16.67,71.43,23.68,31.58,-0.34,0.26,1.8,10.99,1.55,1.76,1.63,1.72,3.82,0.13
TheChowMein,13.4,-6,0,12,37,12,21,7,7,65,0,24,115,5,45,539,0.33,0.0,0.0,9,0,0,3.08,9.29,0.12,0,8,2,0,0,1,1,2,66.67,0.0,14.29,28.57,-0.45,0.0,0.9,2.76,0.9,1.57,0.52,0.52,4.85,0.0
TheG,194.7,-22,17,295,1974,275,320,207,225,767,37,364,2295,55,911,7018,0.7,10.16,5.76,45,18,3,6.69,3.71,0.11,16,90,32,13,2,47,10,63,30.51,40.62,22.71,30.43,-0.11,0.09,1.52,10.14,1.41,1.64,1.06,1.16,3.94,0.19
TheNippIe,29.700000000000003,0,2,39,296,35,43,22,25,183,4,55,338,10,136,1170,0.58,7.27,5.13,8,3,2,7.59,8.32,0.16,3,9,5,1,0,5,4,10,23.08,20.0,22.73,45.45,0.0,0.07,1.31,9.97,1.18,1.45,0.74,0.84,6.16,0.13
Therapist,165.4,8,25,199,1954,171,224,218,241,1068,19,302,1684,150,694,6326,1.08,6.29,12.56,53,23,3,9.82,4.9,0.17,24,32,16,6,0,59,12,77,16.08,37.5,27.06,35.32,0.05,0.15,1.2,11.81,1.03,1.35,1.32,1.46,6.46,0.11
Thermostat,27.2,1,2,34,479,31,38,25,35,97,12,54,188,20,76,1021,0.92,22.22,5.88,7,10,1,14.09,3.88,0.1,8,7,0,0,1,6,0,9,20.59,0.0,24.0,36.0,0.04,0.07,1.25,17.61,1.14,1.4,0.92,1.29,3.57,0.44
TheWorst,8.0,-3,0,16,83,16,16,12,12,46,2,14,91,0,36,309,0.75,14.29,0.0,0,0,0,5.19,3.83,0.15,1,6,1,0,0,6,0,7,37.5,0.0,50.0,58.33,-0.38,0.0,2.0,10.38,2.0,2.0,1.5,1.5,5.75,0.25
TheYoungWolf,77.1,-5,13,112,843,98,134,58,76,422,20,147,785,60,318,2435,0.57,13.61,11.61,36,18,1,7.53,7.28,0.17,7,24,9,1,2,22,1,27,21.43,11.11,37.93,46.55,-0.06,0.17,1.45,10.93,1.27,1.74,0.75,0.99,5.47,0.26
TicklMeElmo,144.8,-17,14,165,1314,148,193,158,178,868,15,260,1348,198,571,5637,0.92,5.77,8.48,45,20,3,7.96,5.49,0.15,10,38,14,6,0,43,5,55,23.03,42.86,27.22,34.81,-0.12,0.1,1.14,9.07,1.02,1.33,1.09,1.23,5.99,0.1
TigertheLion,23.5,3,2,23,203,21,28,31,32,172,2,43,173,35,75,936,1.14,4.65,8.7,7,1,0,8.83,5.55,0.18,0,4,3,2,0,13,0,15,17.39,66.67,41.94,48.39,0.13,0.09,0.98,8.64,0.89,1.19,1.32,1.36,7.32,0.09
timo_tay,62.3,-7,7,52,339,45,75,95,109,813,19,121,462,40,188,1914,1.45,15.7,13.46,30,14,0,6.52,8.56,0.42,2,14,6,1,3,37,7,33,26.92,16.67,38.95,34.74,-0.11,0.11,0.83,5.44,0.72,1.2,1.52,1.75,13.05,0.3
Tinderfella,8.0,1,0,7,46,7,13,14,17,61,1,14,84,35,39,273,1.31,7.14,0.0,6,3,0,6.57,4.36,0.22,1,5,2,0,0,0,0,1,71.43,0.0,0.0,7.14,0.12,0.0,0.88,5.75,0.88,1.62,1.75,2.12,7.62,0.12
tnevlos,294.9,18,35,325,2266,290,411,332,468,2163,79,561,2861,335,1187,9641,1.14,14.08,10.77,121,136,0,6.97,6.52,0.22,19,79,32,17,2,113,13,123,24.31,53.12,34.04,37.05,0.06,0.12,1.1,7.68,0.98,1.39,1.13,1.59,7.33,0.27
toasty,87.1,3,13,162,1013,149,177,98,130,318,28,156,1178,30,470,2647,0.73,17.95,8.02,28,32,0,6.25,3.24,0.12,8,46,10,6,1,31,4,38,28.4,60.0,31.63,38.78,0.03,0.15,1.86,11.63,1.71,2.03,1.13,1.49,3.65,0.32
Toidi,307.2,-6,14,284,1564,268,388,510,587,3453,77,572,2882,226,1170,9649,1.51,13.46,4.93,120,77,2,5.51,6.77,0.36,13,91,37,12,3,203,32,259,32.04,32.43,39.8,50.78,-0.02,0.05,0.92,5.09,0.87,1.26,1.66,1.91,11.24,0.25
TOP CAT,8.6,1,2,12,76,10,11,8,9,36,2,16,106,30,48,389,0.82,12.5,16.67,1,1,0,6.33,4.5,0.09,1,3,2,2,0,0,0,0,25.0,100.0,0.0,0.0,0.12,0.23,1.4,8.84,1.16,1.28,0.93,1.05,4.19,0.23
Trapsin,105.6,-8,12,114,833,101,122,126,139,1034,21,186,1019,90,414,3385,1.14,11.29,10.53,21,13,1,7.31,8.21,0.31,7,23,8,1,0,42,4,56,20.18,12.5,33.33,44.44,-0.08,0.11,1.08,7.89,0.96,1.16,1.19,1.32,9.79,0.2
trash panda,414.0,-13,30,434,2778,399,527,481,569,2725,105,782,4071,361,1667,15857,1.08,13.43,6.91,128,88,5,6.4,5.67,0.17,20,135,52,18,0,143,23,158,31.11,34.62,29.73,32.85,-0.03,0.07,1.05,6.71,0.96,1.27,1.16,1.37,6.58,0.25
trippi,288.2,-14,39,299,1928,258,366,380,446,1953,73,546,2834,268,1162,9547,1.22,13.37,13.04,108,66,2,6.45,5.14,0.2,14,87,29,11,2,126,21,140,29.1,37.93,33.16,36.84,-0.05,0.14,1.04,6.69,0.9,1.27,1.32,1.55,6.78,0.25
tutorial_wiz,9.0,1,0,2,9,2,7,10,11,133,1,16,102,5,41,340,1.57,6.25,0.0,5,1,0,4.5,13.3,0.39,0,1,1,1,0,2,1,5,50.0,100.0,20.0,50.0,0.11,0.0,0.22,1.0,0.22,0.78,1.11,1.22,14.78,0.11
twelvefive,28.8,3,4,30,261,26,39,34,39,171,10,64,247,30,102,986,1.0,15.62,13.33,13,5,0,8.7,5.03,0.17,4,6,2,0,1,13,0,13,20.0,0.0,38.24,38.24,0.1,0.14,1.04,9.06,0.9,1.35,1.18,1.35,5.94,0.35
twirly,16.9,-8,1,9,35,8,15,23,24,149,6,35,99,0,38,580,1.6,17.14,11.11,7,1,0,3.89,6.48,0.26,0,6,2,1,0,7,0,9,66.67,50.0,30.43,39.13,-0.47,0.06,0.53,2.07,0.47,0.89,1.36,1.42,8.82,0.36
Ty,187.8,16,23,224,1518,197,245,250,300,1169,59,363,2116,135,851,5917,1.22,16.25,10.27,48,50,4,6.78,4.68,0.2,14,55,21,6,0,79,14,91,24.55,28.57,31.6,36.4,0.09,0.12,1.19,8.08,1.05,1.3,1.33,1.6,6.22,0.31
Tyler Durden,63.0,-5,5,63,373,58,69,59,68,510,14,121,581,30,234,2018,0.99,11.57,7.94,11,9,0,5.92,8.64,0.25,3,13,8,2,1,19,3,22,20.63,25.0,32.2,37.29,-0.08,0.08,1.0,5.92,0.92,1.1,0.94,1.08,8.1,0.22
umad,193.9,20,31,357,2205,323,380,177,200,408,23,353,2273,223,934,7416,0.53,6.52,8.68,57,23,3,6.18,2.31,0.06,13,98,34,18,1,40,5,51,27.45,52.94,22.6,28.81,0.1,0.16,1.84,11.37,1.67,1.96,0.91,1.03,2.1,0.12
Unaballer,43.3,-5,3,46,252,43,67,44,49,351,5,85,334,50,140,1607,0.73,5.88,6.52,24,5,0,5.48,7.98,0.22,2,14,4,1,1,19,0,21,30.43,25.0,43.18,47.73,-0.12,0.07,1.06,5.82,0.99,1.55,1.02,1.13,8.11,0.12
UNlTY,50.199999999999996,5,4,73,412,68,89,79,83,207,4,92,581,35,233,1835,0.93,4.35,5.48,21,4,1,5.64,2.62,0.11,2,17,8,5,0,23,4,29,23.29,62.5,29.11,36.71,0.1,0.08,1.45,8.21,1.35,1.77,1.57,1.65,4.12,0.08
urkel,36.0,-1,2,52,446,50,57,36,36,158,3,73,377,0,150,1325,0.63,4.11,3.85,7,0,0,8.58,4.39,0.12,5,5,1,0,0,14,1,14,9.62,0.0,38.89,38.89,-0.03,0.06,1.44,12.39,1.39,1.58,1.0,1.0,4.39,0.08
Vader,74.0,-10,11,113,793,101,120,63,66,348,15,142,882,50,354,2363,0.55,10.56,9.73,19,3,1,7.02,5.52,0.15,7,28,9,4,1,17,3,20,24.78,44.44,26.98,31.75,-0.14,0.15,1.53,10.72,1.36,1.62,0.85,0.89,4.7,0.2
Vedic D,25.8,5,7,38,423,31,38,33,39,48,7,49,267,5,107,970,1.03,14.29,18.42,7,6,0,11.13,1.45,0.05,6,9,3,0,1,3,0,6,23.68,0.0,9.09,18.18,0.19,0.27,1.47,16.4,1.2,1.47,1.28,1.51,1.86,0.27
VerniSanders,42.6,19,7,64,449,57,71,64,64,252,8,74,402,5,159,1405,0.9,10.81,10.94,14,0,0,7.02,3.94,0.18,5,17,6,3,1,20,5,21,26.56,50.0,31.25,32.81,0.45,0.16,1.5,10.54,1.34,1.67,1.5,1.5,5.92,0.19
vic,28.7,5,3,26,331,23,30,49,51,137,12,59,237,0,92,1045,1.7,20.34,11.54,7,2,0,12.73,2.8,0.13,7,3,2,2,0,15,0,20,11.54,100.0,30.61,40.82,0.17,0.1,0.91,11.53,0.8,1.05,1.71,1.78,4.77,0.42
wallsquirrel,255.6,7,31,326,2104,290,377,239,302,1640,50,461,3026,223,1230,8197,0.8,10.85,9.51,87,63,5,6.45,6.86,0.2,14,97,34,15,4,74,13,86,29.75,44.12,30.96,35.98,0.03,0.12,1.28,8.23,1.13,1.47,0.94,1.18,6.42,0.2
waterlemon,76.8,19,12,80,467,68,90,139,153,610,20,137,880,95,365,2598,1.7,14.6,15.0,22,14,0,5.84,4.39,0.23,1,19,6,2,2,43,6,50,23.75,33.33,30.94,35.97,0.25,0.16,1.04,6.08,0.89,1.17,1.81,1.99,7.94,0.26
Way Maker,53.2,-6,5,75,530,69,85,50,80,209,12,95,614,70,254,2030,0.94,12.63,6.67,16,30,1,7.07,4.18,0.1,5,23,12,4,1,9,2,11,30.67,33.33,18.0,22.0,-0.11,0.09,1.41,9.96,1.3,1.6,0.94,1.5,3.93,0.23
Werth,75.9,-5,8,78,618,68,84,77,103,460,22,152,777,125,329,2871,1.23,14.47,10.26,16,26,2,7.92,5.97,0.16,6,13,7,2,3,17,5,19,16.67,28.57,22.08,24.68,-0.07,0.11,1.03,8.14,0.9,1.11,1.01,1.36,6.06,0.29
Wilma,293.5,9,33,474,3419,435,527,255,308,731,52,525,3264,258,1327,10422,0.58,9.9,6.96,92,53,6,7.21,2.87,0.07,27,110,43,14,0,50,12,66,23.21,32.56,19.61,25.88,0.03,0.11,1.61,11.65,1.48,1.8,0.87,1.05,2.49,0.18
WinCtrlShftB,42.3,-4,3,53,357,50,63,44,56,79,17,76,395,50,166,1768,0.89,22.37,5.66,13,12,0,6.74,1.8,0.04,5,16,4,1,0,4,2,11,30.19,25.0,9.09,25.0,-0.09,0.07,1.25,8.44,1.18,1.49,1.04,1.32,1.87,0.4
Witcher,58.8,-1,5,63,373,57,67,64,70,572,20,102,578,5,227,2064,1.04,19.61,7.94,10,6,1,5.92,8.94,0.28,0,16,6,2,1,19,3,23,25.4,33.33,29.69,35.94,-0.02,0.09,1.07,6.34,0.97,1.14,1.09,1.19,9.73,0.34
xcv,390.9,9,55,524,3865,465,566,382,459,2257,117,721,3908,377,1600,12959,0.81,16.23,10.5,101,77,4,7.38,5.91,0.17,31,128,43,20,4,121,14,156,24.43,46.51,31.68,40.84,0.02,0.14,1.34,9.89,1.19,1.45,0.98,1.17,5.77,0.3
yeeeeeeeet,6.6000000000000005,0,2,10,88,8,10,8,8,23,0,12,50,0,20,270,0.8,0.0,20.0,2,0,0,8.8,2.88,0.09,2,2,1,0,0,3,0,4,20.0,0.0,37.5,50.0,0.0,0.3,1.52,13.33,1.21,1.52,1.21,1.21,3.48,0.0
yippie,82.7,-3,5,131,750,125,162,80,88,299,11,150,1030,45,411,3040,0.54,7.33,3.82,37,8,1,5.73,3.74,0.1,5,45,16,7,0,22,2,30,34.35,43.75,27.5,37.5,-0.04,0.06,1.58,9.07,1.51,1.96,0.97,1.06,3.62,0.13
Yo YoYo,94.6,5,16,170,1043,154,178,98,107,430,18,173,1148,60,460,3546,0.6,10.4,9.41,24,9,0,6.14,4.39,0.12,7,47,20,7,1,26,5,35,27.65,35.0,26.53,35.71,0.05,0.17,1.8,11.03,1.63,1.88,1.04,1.13,4.55,0.19
yumad2.0,16.5,1,4,22,149,18,25,17,28,64,5,30,154,45,69,635,1.12,16.67,18.18,7,11,0,6.77,3.76,0.1,2,2,2,0,0,3,1,3,9.09,0.0,17.65,17.65,0.06,0.24,1.33,9.03,1.09,1.52,1.03,1.7,3.88,0.3
Zeke,8.0,1,2,15,160,13,13,6,10,12,5,14,96,0,38,268,0.77,35.71,13.33,0,4,0,10.67,2.0,0.04,2,1,2,1,0,1,0,0,6.67,50.0,16.67,0.0,0.12,0.25,1.88,20.0,1.62,1.62,0.75,1.25,1.5,0.62
Zig!,0.2,0,0,1,1,1,1,0,0,0,0,0,5,0,2,7,0.0,0.0,0.0,0,0,0,1.0,0.0,0.0,0,1,1,1,0,0,0,0,100.0,100.0,0.0,0.0,0.0,0.0,5.0,5.0,5.0,5.0,0.0,0.0,0.0,0.0
Zoltan Mesko,67.5,-15,6,91,750,84,103,65,82,238,20,130,584,50,240,2489,0.8,15.38,6.59,19,17,1,8.24,3.66,0.1,6,18,8,1,0,15,3,16,19.78,12.5,23.08,24.62,-0.22,0.09,1.35,11.11,1.24,1.53,0.96,1.21,3.53,0.3
||||||||||||,889.6,-24,152,1813,11040,1646,1880,832,1059,1256,169,1631,12074,500,4842,30044,0.56,10.36,8.38,234,227,15,6.09,1.51,0.04,87,514,200,67,15,119,44,163,28.35,33.5,14.3,19.59,-0.03,0.17,2.04,12.41,1.85,2.11,0.94,1.19,1.41,0.19
~,184.5,11,13,136,606,123,185,450,475,1984,40,342,1382,105,559,5443,2.57,11.7,9.56,62,25,0,4.46,4.41,0.36,0,45,21,5,5,197,6,227,33.09,23.81,43.78,50.44,0.06,0.07,0.74,3.28,0.67,1.0,2.44,2.57,10.75,0.22
